county_name,state_name,median_income
Autauga County,Alabama,69841
Baldwin County,Alabama,75019
Barbour County,Alabama,44290
Bibb County,Alabama,51215
Blount County,Alabama,61096
Bullock County,Alabama,36723
Butler County,Alabama,44881
Calhoun County,Alabama,55826
Chambers County,Alabama,49295
Cherokee County,Alabama,50769
Chilton County,Alabama,61873
Choctaw County,Alabama,44483
Clarke County,Alabama,49167
Clay County,Alabama,51852
Cleburne County,Alabama,53319
Coffee County,Alabama,64672
Colbert County,Alabama,56736
Conecuh County,Alabama,42266
Coosa County,Alabama,57063
Covington County,Alabama,50886
Crenshaw County,Alabama,49040
Cullman County,Alabama,60916
Dale County,Alabama,53955
Dallas County,Alabama,36810
DeKalb County,Alabama,51149
Elmore County,Alabama,75553
Escambia County,Alabama,44447
Etowah County,Alabama,53070
Fayette County,Alabama,50733
Franklin County,Alabama,51493
Geneva County,Alabama,50951
Greene County,Alabama,31495
Hale County,Alabama,41325
Henry County,Alabama,60135
Houston County,Alabama,57531
Jackson County,Alabama,49454
Jefferson County,Alabama,64589
Lamar County,Alabama,47447
Lauderdale County,Alabama,59082
Lawrence County,Alabama,60040
Lee County,Alabama,61123
Limestone County,Alabama,83534
Lowndes County,Alabama,35160
Macon County,Alabama,45951
Madison County,Alabama,83528
Marengo County,Alabama,44205
Marion County,Alabama,50714
Marshall County,Alabama,60946
Mobile County,Alabama,58119
Monroe County,Alabama,40225
Montgomery County,Alabama,58153
Morgan County,Alabama,64858
Perry County,Alabama,34368
Pickens County,Alabama,47014
Pike County,Alabama,47961
Randolph County,Alabama,51551
Russell County,Alabama,50046
St. Clair County,Alabama,78993
Shelby County,Alabama,93543
Sumter County,Alabama,37981
Talladega County,Alabama,56249
Tallapoosa County,Alabama,57185
Tuscaloosa County,Alabama,63947
Walker County,Alabama,54509
Washington County,Alabama,60503
Wilcox County,Alabama,42236
Winston County,Alabama,48032
Aleutians East Borough,Alaska,72692
Aleutians West Census Area,Alaska,107344
Anchorage Municipality,Alaska,98152
Bethel Census Area,Alaska,70616
Bristol Bay Borough,Alaska,100625
Chugach Census Area,Alaska,88565
Copper River Census Area,Alaska,75053
Denali Borough,Alaska,88935
Dillingham Census Area,Alaska,74250
Fairbanks North Star Borough,Alaska,84722
Haines Borough,Alaska,72607
Hoonah-Angoon Census Area,Alaska,62500
Juneau City and Borough,Alaska,100513
Kenai Peninsula Borough,Alaska,77722
Ketchikan Gateway Borough,Alaska,89155
Kodiak Island Borough,Alaska,83716
Kusilvak Census Area,Alaska,48233
Lake and Peninsula Borough,Alaska,64000
Matanuska-Susitna Borough,Alaska,90625
Nome Census Area,Alaska,76643
North Slope Borough,Alaska,86313
Northwest Arctic Borough,Alaska,81298
Petersburg Borough,Alaska,77026
Prince of Wales-Hyder Census Area,Alaska,59079
Sitka City and Borough,Alaska,101207
Skagway Municipality,Alaska,78594
Southeast Fairbanks Census Area,Alaska,74223
Wrangell City and Borough,Alaska,64545
Yakutat City and Borough,Alaska,80625
Yukon-Koyukuk Census Area,Alaska,52642
Apache County,Arizona,40338
Cochise County,Arizona,58970
Coconino County,Arizona,69748
Gila County,Arizona,59089
Graham County,Arizona,67326
Greenlee County,Arizona,75239
La Paz County,Arizona,49506
Maricopa County,Arizona,85518
Mohave County,Arizona,55799
Navajo County,Arizona,52752
Pima County,Arizona,67929
Pinal County,Arizona,77588
Santa Cruz County,Arizona,53614
Yavapai County,Arizona,66106
Yuma County,Arizona,60417
Arkansas County,Arkansas,60831
Ashley County,Arkansas,44481
Baxter County,Arkansas,48427
Benton County,Arkansas,89879
Boone County,Arkansas,54195
Bradley County,Arkansas,39565
Calhoun County,Arkansas,63654
Carroll County,Arkansas,55187
Chicot County,Arkansas,39683
Clark County,Arkansas,50985
Clay County,Arkansas,48500
Cleburne County,Arkansas,55979
Cleveland County,Arkansas,50509
Columbia County,Arkansas,47363
Conway County,Arkansas,51212
Craighead County,Arkansas,57615
Crawford County,Arkansas,60362
Crittenden County,Arkansas,54271
Cross County,Arkansas,47012
Dallas County,Arkansas,44694
Desha County,Arkansas,36064
Drew County,Arkansas,41071
Faulkner County,Arkansas,65071
Franklin County,Arkansas,51919
Fulton County,Arkansas,38941
Garland County,Arkansas,55409
Grant County,Arkansas,72512
Greene County,Arkansas,56793
Hempstead County,Arkansas,47654
Hot Spring County,Arkansas,52644
Howard County,Arkansas,44492
Independence County,Arkansas,56009
Izard County,Arkansas,47728
Jackson County,Arkansas,41215
Jefferson County,Arkansas,48552
Johnson County,Arkansas,44808
Lafayette County,Arkansas,37237
Lawrence County,Arkansas,44164
Lee County,Arkansas,36860
Lincoln County,Arkansas,51667
Little River County,Arkansas,52241
Logan County,Arkansas,54237
Lonoke County,Arkansas,71449
Madison County,Arkansas,53888
Marion County,Arkansas,46953
Miller County,Arkansas,49983
Mississippi County,Arkansas,53428
Monroe County,Arkansas,43955
Montgomery County,Arkansas,49015
Nevada County,Arkansas,41761
Newton County,Arkansas,47395
Ouachita County,Arkansas,49838
Perry County,Arkansas,60078
Phillips County,Arkansas,38874
Pike County,Arkansas,51000
Poinsett County,Arkansas,47188
Polk County,Arkansas,49252
Pope County,Arkansas,54606
Prairie County,Arkansas,51094
Pulaski County,Arkansas,60385
Randolph County,Arkansas,52838
St. Francis County,Arkansas,41784
Saline County,Arkansas,76534
Scott County,Arkansas,45955
Searcy County,Arkansas,41978
Sebastian County,Arkansas,56450
Sevier County,Arkansas,51641
Sharp County,Arkansas,42950
Stone County,Arkansas,38531
Union County,Arkansas,50221
Van Buren County,Arkansas,47266
Washington County,Arkansas,66426
White County,Arkansas,53435
Woodruff County,Arkansas,49982
Yell County,Arkansas,58870
Alameda County,California,126240
Alpine County,California,110781
Amador County,California,81526
Butte County,California,68574
Calaveras County,California,79877
Colusa County,California,75149
Contra Costa County,California,125727
Del Norte County,California,66780
El Dorado County,California,106190
Fresno County,California,71434
Glenn County,California,70487
Humboldt County,California,61135
Imperial County,California,56393
Inyo County,California,72432
Kern County,California,67660
Kings County,California,68750
Lake County,California,58738
Lassen County,California,64395
Los Angeles County,California,87760
Madera County,California,75496
Marin County,California,142785
Mariposa County,California,65378
Mendocino County,California,64688
Merced County,California,65044
Modoc County,California,56648
Mono County,California,86953
Monterey County,California,94486
Napa County,California,108970
Nevada County,California,84905
Orange County,California,113702
Placer County,California,114678
Plumas County,California,64946
Riverside County,California,89672
Sacramento County,California,88724
San Benito County,California,108289
San Bernardino County,California,82184
San Diego County,California,102285
San Francisco County,California,141446
San Joaquin County,California,88531
San Luis Obispo County,California,93398
San Mateo County,California,156000
Santa Barbara County,California,95977
Santa Clara County,California,159674
Santa Cruz County,California,109266
Shasta County,California,71931
Sierra County,California,60000
Siskiyou County,California,55499
Solano County,California,99994
Sonoma County,California,102840
Stanislaus County,California,79661
Sutter County,California,75450
Tehama County,California,61834
Trinity County,California,53498
Tulare County,California,69489
Tuolumne County,California,72259
Ventura County,California,107327
Yolo County,California,88818
Yuba County,California,73313
Adams County,Colorado,91387
Alamosa County,Colorado,51445
Arapahoe County,Colorado,97215
Archuleta County,Colorado,76524
Baca County,Colorado,40380
Bent County,Colorado,49194
Boulder County,Colorado,102772
Broomfield County,Colorado,121025
Chaffee County,Colorado,70909
Cheyenne County,Colorado,67768
Clear Creek County,Colorado,96667
Conejos County,Colorado,47209
Costilla County,Colorado,36519
Crowley County,Colorado,47563
Custer County,Colorado,72700
Delta County,Colorado,58330
Denver County,Colorado,91681
Dolores County,Colorado,70490
Douglas County,Colorado,145737
Eagle County,Colorado,103174
Elbert County,Colorado,129477
El Paso County,Colorado,87470
Fremont County,Colorado,61027
Garfield County,Colorado,86172
Gilpin County,Colorado,88654
Grand County,Colorado,84558
Gunnison County,Colorado,77358
Hinsdale County,Colorado,64327
Huerfano County,Colorado,52139
Jackson County,Colorado,41809
Jefferson County,Colorado,107800
Kiowa County,Colorado,56389
Kit Carson County,Colorado,59810
Lake County,Colorado,93655
La Plata County,Colorado,85296
Larimer County,Colorado,91364
Las Animas County,Colorado,50408
Lincoln County,Colorado,54257
Logan County,Colorado,55074
Mesa County,Colorado,71485
Mineral County,Colorado,52455
Moffat County,Colorado,70975
Montezuma County,Colorado,63005
Montrose County,Colorado,66072
Morgan County,Colorado,75407
Otero County,Colorado,54897
Ouray County,Colorado,84556
Park County,Colorado,95450
Phillips County,Colorado,60372
Pitkin County,Colorado,100318
Prowers County,Colorado,57601
Pueblo County,Colorado,62250
Rio Blanco County,Colorado,72620
Rio Grande County,Colorado,62166
Routt County,Colorado,104803
Saguache County,Colorado,54283
San Juan County,Colorado,73889
San Miguel County,Colorado,80117
Sedgwick County,Colorado,52833
Summit County,Colorado,106255
Teller County,Colorado,80666
Washington County,Colorado,65164
Weld County,Colorado,93287
Yuma County,Colorado,60051
Capitol Planning Region,Connecticut,91541
Greater Bridgeport Planning Region,Connecticut,87135
Lower Connecticut River Valley Planning Region,Connecticut,101117
Naugatuck Valley Planning Region,Connecticut,86365
Northeastern Connecticut Planning Region,Connecticut,87564
Northwest Hills Planning Region,Connecticut,91035
South Central Connecticut Planning Region,Connecticut,86266
Southeastern Connecticut Planning Region,Connecticut,84185
Western Connecticut Planning Region,Connecticut,124553
Kent County,Delaware,72872
New Castle County,Delaware,89901
Sussex County,Delaware,78162
District of Columbia,District of Columbia,106287
Alachua County,Florida,59659
Baker County,Florida,70833
Bay County,Florida,70188
Bradford County,Florida,59740
Brevard County,Florida,75817
Broward County,Florida,74534
Calhoun County,Florida,46901
Charlotte County,Florida,66154
Citrus County,Florida,55355
Clay County,Florida,86094
Collier County,Florida,86173
Columbia County,Florida,55070
DeSoto County,Florida,50868
Dixie County,Florida,47655
Duval County,Florida,68447
Escambia County,Florida,65715
Flagler County,Florida,72923
Franklin County,Florida,62734
Gadsden County,Florida,46047
Gilchrist County,Florida,61070
Glades County,Florida,38905
Gulf County,Florida,67361
Hamilton County,Florida,47696
Hardee County,Florida,54231
Hendry County,Florida,53044
Hernando County,Florida,63193
Highlands County,Florida,55581
Hillsborough County,Florida,75011
Holmes County,Florida,48236
Indian River County,Florida,71049
Jackson County,Florida,47327
Jefferson County,Florida,56984
Lafayette County,Florida,60692
Lake County,Florida,69956
Lee County,Florida,73099
Leon County,Florida,65074
Levy County,Florida,53805
Liberty County,Florida,53824
Madison County,Florida,48176
Manatee County,Florida,75792
Marion County,Florida,58535
Martin County,Florida,80701
Miami-Dade County,Florida,68694
Monroe County,Florida,82430
Nassau County,Florida,88900
Okaloosa County,Florida,79097
Okeechobee County,Florida,52288
Orange County,Florida,77011
Osceola County,Florida,68711
Palm Beach County,Florida,81115
Pasco County,Florida,67384
Pinellas County,Florida,70293
Polk County,Florida,63644
Putnam County,Florida,47256
St. Johns County,Florida,106169
St. Lucie County,Florida,69027
Santa Rosa County,Florida,88968
Sarasota County,Florida,80633
Seminole County,Florida,83030
Sumter County,Florida,73297
Suwannee County,Florida,55479
Taylor County,Florida,44985
Union County,Florida,64922
Volusia County,Florida,66581
Wakulla County,Florida,74183
Walton County,Florida,79281
Washington County,Florida,52723
Appling County,Georgia,43728
Atkinson County,Georgia,38438
Bacon County,Georgia,50310
Baker County,Georgia,44405
Baldwin County,Georgia,55413
Banks County,Georgia,68830
Barrow County,Georgia,77477
Bartow County,Georgia,79431
Ben Hill County,Georgia,39081
Berrien County,Georgia,50414
Bibb County,Georgia,50747
Bleckley County,Georgia,53005
Brantley County,Georgia,47801
Brooks County,Georgia,47656
Bryan County,Georgia,94234
Bulloch County,Georgia,56832
Burke County,Georgia,50739
Butts County,Georgia,59221
Calhoun County,Georgia,55714
Camden County,Georgia,72399
Candler County,Georgia,50431
Carroll County,Georgia,72327
Catoosa County,Georgia,72425
Charlton County,Georgia,48534
Chatham County,Georgia,69575
Chattahoochee County,Georgia,59221
Chattooga County,Georgia,47785
Cherokee County,Georgia,105442
Clarke County,Georgia,52267
Clay County,Georgia,48715
Clayton County,Georgia,58507
Clinch County,Georgia,55549
Cobb County,Georgia,98712
Coffee County,Georgia,50175
Colquitt County,Georgia,49691
Columbia County,Georgia,96122
Cook County,Georgia,50133
Coweta County,Georgia,94142
Crawford County,Georgia,60905
Crisp County,Georgia,42745
Dade County,Georgia,58936
Dawson County,Georgia,88986
Decatur County,Georgia,50485
DeKalb County,Georgia,77683
Dodge County,Georgia,50152
Dooly County,Georgia,56545
Dougherty County,Georgia,46784
Douglas County,Georgia,80764
Early County,Georgia,53750
Echols County,Georgia,61723
Effingham County,Georgia,85465
Elbert County,Georgia,49727
Emanuel County,Georgia,50053
Evans County,Georgia,53908
Fannin County,Georgia,58073
Fayette County,Georgia,108986
Floyd County,Georgia,62540
Forsyth County,Georgia,138000
Franklin County,Georgia,52264
Fulton County,Georgia,91490
Gilmer County,Georgia,72542
Glascock County,Georgia,55250
Glynn County,Georgia,68546
Gordon County,Georgia,61997
Grady County,Georgia,54312
Greene County,Georgia,84530
Gwinnett County,Georgia,84823
Habersham County,Georgia,65622
Hall County,Georgia,77430
Hancock County,Georgia,33182
Haralson County,Georgia,65016
Harris County,Georgia,89184
Hart County,Georgia,57241
Heard County,Georgia,62907
Henry County,Georgia,81612
Houston County,Georgia,80743
Irwin County,Georgia,53915
Jackson County,Georgia,85012
Jasper County,Georgia,59574
Jeff Davis County,Georgia,40879
Jefferson County,Georgia,46561
Jenkins County,Georgia,36906
Johnson County,Georgia,54183
Jones County,Georgia,68259
Lamar County,Georgia,68457
Lanier County,Georgia,44361
Laurens County,Georgia,49705
Lee County,Georgia,88024
Liberty County,Georgia,59013
Lincoln County,Georgia,50688
Long County,Georgia,64747
Lowndes County,Georgia,55887
Lumpkin County,Georgia,72388
McDuffie County,Georgia,54058
McIntosh County,Georgia,50348
Macon County,Georgia,37177
Madison County,Georgia,58784
Marion County,Georgia,50484
Meriwether County,Georgia,56458
Miller County,Georgia,58407
Mitchell County,Georgia,51908
Monroe County,Georgia,82863
Montgomery County,Georgia,51188
Morgan County,Georgia,85692
Murray County,Georgia,67880
Muscogee County,Georgia,56622
Newton County,Georgia,73732
Oconee County,Georgia,115925
Oglethorpe County,Georgia,69784
Paulding County,Georgia,94557
Peach County,Georgia,68365
Pickens County,Georgia,75293
Pierce County,Georgia,56691
Pike County,Georgia,84184
Polk County,Georgia,55308
Pulaski County,Georgia,47688
Putnam County,Georgia,64163
Quitman County,Georgia,36838
Rabun County,Georgia,61466
Randolph County,Georgia,25425
Richmond County,Georgia,53197
Rockdale County,Georgia,72349
Schley County,Georgia,59647
Screven County,Georgia,53017
Seminole County,Georgia,49559
Spalding County,Georgia,60217
Stephens County,Georgia,52264
Stewart County,Georgia,35000
Sumter County,Georgia,41877
Talbot County,Georgia,45098
Taliaferro County,Georgia,48036
Tattnall County,Georgia,52351
Taylor County,Georgia,41743
Telfair County,Georgia,44948
Terrell County,Georgia,43812
Thomas County,Georgia,60140
Tift County,Georgia,53165
Toombs County,Georgia,54130
Towns County,Georgia,58400
Treutlen County,Georgia,43750
Troup County,Georgia,54905
Turner County,Georgia,39565
Twiggs County,Georgia,55439
Union County,Georgia,65697
Upson County,Georgia,50904
Walker County,Georgia,55887
Walton County,Georgia,82381
Ware County,Georgia,44833
Warren County,Georgia,46776
Washington County,Georgia,44009
Wayne County,Georgia,49562
Webster County,Georgia,40764
Wheeler County,Georgia,45262
White County,Georgia,69747
Whitfield County,Georgia,64262
Wilcox County,Georgia,48036
Wilkes County,Georgia,52542
Wilkinson County,Georgia,46673
Worth County,Georgia,57201
Hawaii County,Hawaii,77215
Honolulu County,Hawaii,104264
Kalawao County,Hawaii,86250
Kauai County,Hawaii,93612
Maui County,Hawaii,95076
Ada County,Idaho,88907
Adams County,Idaho,59286
Bannock County,Idaho,64080
Bear Lake County,Idaho,67304
Benewah County,Idaho,56553
Bingham County,Idaho,76842
Blaine County,Idaho,84470
Boise County,Idaho,77349
Bonner County,Idaho,65168
Bonneville County,Idaho,76646
Boundary County,Idaho,62438
Butte County,Idaho,43281
Camas County,Idaho,55536
Canyon County,Idaho,72355
Caribou County,Idaho,66653
Cassia County,Idaho,67042
Clark County,Idaho,52083
Clearwater County,Idaho,57961
Custer County,Idaho,56957
Elmore County,Idaho,58976
Franklin County,Idaho,65991
Fremont County,Idaho,72767
Gem County,Idaho,66245
Gooding County,Idaho,62395
Idaho County,Idaho,60975
Jefferson County,Idaho,82952
Jerome County,Idaho,69338
Kootenai County,Idaho,77034
Latah County,Idaho,65179
Lemhi County,Idaho,52057
Lewis County,Idaho,49643
Lincoln County,Idaho,66038
Madison County,Idaho,58259
Minidoka County,Idaho,70060
Nez Perce County,Idaho,71466
Oneida County,Idaho,72563
Owyhee County,Idaho,59773
Payette County,Idaho,65723
Power County,Idaho,59760
Shoshone County,Idaho,49975
Teton County,Idaho,90740
Twin Falls County,Idaho,65338
Valley County,Idaho,76125
Washington County,Idaho,53608
Adams County,Illinois,64962
Alexander County,Illinois,43523
Bond County,Illinois,61603
Boone County,Illinois,81638
Brown County,Illinois,72288
Bureau County,Illinois,65894
Calhoun County,Illinois,92095
Carroll County,Illinois,60871
Cass County,Illinois,64907
Champaign County,Illinois,63091
Christian County,Illinois,59253
Clark County,Illinois,70625
Clay County,Illinois,57266
Clinton County,Illinois,82314
Coles County,Illinois,56040
Cook County,Illinois,81797
Crawford County,Illinois,67614
Cumberland County,Illinois,69826
DeKalb County,Illinois,69022
De Witt County,Illinois,64802
Douglas County,Illinois,74186
DuPage County,Illinois,110502
Edgar County,Illinois,56909
Edwards County,Illinois,59386
Effingham County,Illinois,75380
Fayette County,Illinois,57113
Ford County,Illinois,60782
Franklin County,Illinois,53471
Fulton County,Illinois,58617
Gallatin County,Illinois,54626
Greene County,Illinois,60976
Grundy County,Illinois,93060
Hamilton County,Illinois,61520
Hancock County,Illinois,65044
Hardin County,Illinois,57155
Henderson County,Illinois,65651
Henry County,Illinois,69912
Iroquois County,Illinois,62439
Jackson County,Illinois,45572
Jasper County,Illinois,71094
Jefferson County,Illinois,61102
Jersey County,Illinois,79104
Jo Daviess County,Illinois,74954
Johnson County,Illinois,65203
Kane County,Illinois,100678
Kankakee County,Illinois,68325
Kendall County,Illinois,110474
Knox County,Illinois,53291
Lake County,Illinois,108917
LaSalle County,Illinois,72281
Lawrence County,Illinois,53438
Lee County,Illinois,68459
Livingston County,Illinois,70796
Logan County,Illinois,64188
McDonough County,Illinois,50434
McHenry County,Illinois,102836
McLean County,Illinois,78329
Macon County,Illinois,62449
Macoupin County,Illinois,68518
Madison County,Illinois,74800
Marion County,Illinois,60839
Marshall County,Illinois,69818
Mason County,Illinois,62127
Massac County,Illinois,62584
Menard County,Illinois,81334
Mercer County,Illinois,71710
Monroe County,Illinois,101635
Montgomery County,Illinois,61863
Morgan County,Illinois,65175
Moultrie County,Illinois,71676
Ogle County,Illinois,79244
Peoria County,Illinois,64938
Perry County,Illinois,59286
Piatt County,Illinois,87516
Pike County,Illinois,58029
Pope County,Illinois,62500
Pulaski County,Illinois,43227
Putnam County,Illinois,77526
Randolph County,Illinois,68870
Richland County,Illinois,60404
Rock Island County,Illinois,66768
St. Clair County,Illinois,70178
Saline County,Illinois,54945
Sangamon County,Illinois,74114
Schuyler County,Illinois,66059
Scott County,Illinois,73013
Shelby County,Illinois,68457
Stark County,Illinois,62284
Stephenson County,Illinois,61943
Tazewell County,Illinois,76704
Union County,Illinois,56420
Vermilion County,Illinois,54537
Wabash County,Illinois,53650
Warren County,Illinois,64650
Washington County,Illinois,75652
Wayne County,Illinois,53107
White County,Illinois,53097
Whiteside County,Illinois,64536
Will County,Illinois,107799
Williamson County,Illinois,65521
Winnebago County,Illinois,64363
Woodford County,Illinois,85629
Adams County,Indiana,63128
Allen County,Indiana,68839
Bartholomew County,Indiana,80365
Benton County,Indiana,61811
Blackford County,Indiana,47560
Boone County,Indiana,104865
Brown County,Indiana,72644
Carroll County,Indiana,64003
Cass County,Indiana,56525
Clark County,Indiana,72298
Clay County,Indiana,67676
Clinton County,Indiana,63690
Crawford County,Indiana,48993
Daviess County,Indiana,68561
Dearborn County,Indiana,82693
Decatur County,Indiana,74228
DeKalb County,Indiana,70080
Delaware County,Indiana,56932
Dubois County,Indiana,71918
Elkhart County,Indiana,65617
Fayette County,Indiana,56659
Floyd County,Indiana,78179
Fountain County,Indiana,62526
Franklin County,Indiana,79702
Fulton County,Indiana,62878
Gibson County,Indiana,67763
Grant County,Indiana,54007
Greene County,Indiana,59753
Hamilton County,Indiana,117957
Hancock County,Indiana,91326
Harrison County,Indiana,72468
Hendricks County,Indiana,99988
Henry County,Indiana,60144
Howard County,Indiana,62496
Huntington County,Indiana,62734
Jackson County,Indiana,70208
Jasper County,Indiana,79634
Jay County,Indiana,54114
Jefferson County,Indiana,59987
Jennings County,Indiana,68476
Johnson County,Indiana,87227
Knox County,Indiana,58863
Kosciusko County,Indiana,73922
LaGrange County,Indiana,83741
Lake County,Indiana,68985
LaPorte County,Indiana,70452
Lawrence County,Indiana,65551
Madison County,Indiana,62632
Marion County,Indiana,63450
Marshall County,Indiana,68041
Martin County,Indiana,65345
Miami County,Indiana,61130
Monroe County,Indiana,63372
Montgomery County,Indiana,66571
Morgan County,Indiana,79088
Newton County,Indiana,68596
Noble County,Indiana,70908
Ohio County,Indiana,67942
Orange County,Indiana,64758
Owen County,Indiana,59586
Parke County,Indiana,66776
Perry County,Indiana,61099
Pike County,Indiana,66250
Porter County,Indiana,85828
Posey County,Indiana,79124
Pulaski County,Indiana,59956
Putnam County,Indiana,76182
Randolph County,Indiana,61121
Ripley County,Indiana,71084
Rush County,Indiana,64393
St. Joseph County,Indiana,64885
Scott County,Indiana,54583
Shelby County,Indiana,71301
Spencer County,Indiana,70890
Starke County,Indiana,62933
Steuben County,Indiana,71483
Sullivan County,Indiana,54985
Switzerland County,Indiana,65148
Tippecanoe County,Indiana,58622
Tipton County,Indiana,78309
Union County,Indiana,79500
Vanderburgh County,Indiana,60938
Vermillion County,Indiana,59363
Vigo County,Indiana,52525
Wabash County,Indiana,68414
Warren County,Indiana,74635
Warrick County,Indiana,95027
Washington County,Indiana,61358
Wayne County,Indiana,56652
Wells County,Indiana,69741
White County,Indiana,66143
Whitley County,Indiana,75790
Adair County,Iowa,66176
Adams County,Iowa,68828
Allamakee County,Iowa,66000
Appanoose County,Iowa,51146
Audubon County,Iowa,54152
Benton County,Iowa,84742
Black Hawk County,Iowa,64581
Boone County,Iowa,79741
Bremer County,Iowa,83343
Buchanan County,Iowa,78430
Buena Vista County,Iowa,66564
Butler County,Iowa,69651
Calhoun County,Iowa,66875
Carroll County,Iowa,68528
Cass County,Iowa,61657
Cedar County,Iowa,79080
Cerro Gordo County,Iowa,65537
Cherokee County,Iowa,64478
Chickasaw County,Iowa,73421
Clarke County,Iowa,66821
Clay County,Iowa,64082
Clayton County,Iowa,62326
Clinton County,Iowa,65177
Crawford County,Iowa,65039
Dallas County,Iowa,102349
Davis County,Iowa,79505
Decatur County,Iowa,57146
Delaware County,Iowa,76205
Des Moines County,Iowa,60662
Dickinson County,Iowa,74570
Dubuque County,Iowa,75919
Emmet County,Iowa,65181
Fayette County,Iowa,58764
Floyd County,Iowa,64500
Franklin County,Iowa,63648
Fremont County,Iowa,73750
Greene County,Iowa,59159
Grundy County,Iowa,83617
Guthrie County,Iowa,79981
Hamilton County,Iowa,71750
Hancock County,Iowa,70212
Hardin County,Iowa,64906
Harrison County,Iowa,77027
Henry County,Iowa,64604
Howard County,Iowa,67336
Humboldt County,Iowa,66994
Ida County,Iowa,62841
Iowa County,Iowa,72185
Jackson County,Iowa,71605
Jasper County,Iowa,70128
Jefferson County,Iowa,56824
Johnson County,Iowa,74721
Jones County,Iowa,73071
Keokuk County,Iowa,60856
Kossuth County,Iowa,65656
Lee County,Iowa,59803
Linn County,Iowa,76421
Louisa County,Iowa,80223
Lucas County,Iowa,67921
Lyon County,Iowa,72881
Madison County,Iowa,89542
Mahaska County,Iowa,69019
Marion County,Iowa,78059
Marshall County,Iowa,72785
Mills County,Iowa,87810
Mitchell County,Iowa,68704
Monona County,Iowa,62944
Monroe County,Iowa,72518
Montgomery County,Iowa,63190
Muscatine County,Iowa,69512
O'Brien County,Iowa,68216
Osceola County,Iowa,69138
Page County,Iowa,57752
Palo Alto County,Iowa,68963
Plymouth County,Iowa,81600
Pocahontas County,Iowa,63423
Polk County,Iowa,81621
Pottawattamie County,Iowa,71446
Poweshiek County,Iowa,64837
Ringgold County,Iowa,69821
Sac County,Iowa,70991
Scott County,Iowa,76363
Shelby County,Iowa,67690
Sioux County,Iowa,84736
Story County,Iowa,69006
Tama County,Iowa,67955
Taylor County,Iowa,67279
Union County,Iowa,56813
Van Buren County,Iowa,60183
Wapello County,Iowa,60034
Warren County,Iowa,92990
Washington County,Iowa,71339
Wayne County,Iowa,59118
Webster County,Iowa,68054
Winnebago County,Iowa,63719
Winneshiek County,Iowa,75652
Woodbury County,Iowa,70147
Worth County,Iowa,76875
Wright County,Iowa,64033
Allen County,Kansas,57618
Anderson County,Kansas,64925
Atchison County,Kansas,62164
Barber County,Kansas,57615
Barton County,Kansas,56733
Bourbon County,Kansas,67555
Brown County,Kansas,58886
Butler County,Kansas,80375
Chase County,Kansas,54518
Chautauqua County,Kansas,54592
Cherokee County,Kansas,58274
Cheyenne County,Kansas,55765
Clark County,Kansas,65515
Clay County,Kansas,63136
Cloud County,Kansas,57333
Coffey County,Kansas,67377
Comanche County,Kansas,49417
Cowley County,Kansas,58263
Crawford County,Kansas,50311
Decatur County,Kansas,52030
Dickinson County,Kansas,67982
Doniphan County,Kansas,72833
Douglas County,Kansas,68756
Edwards County,Kansas,53792
Elk County,Kansas,56087
Ellis County,Kansas,59889
Ellsworth County,Kansas,66792
Finney County,Kansas,72437
Ford County,Kansas,70495
Franklin County,Kansas,72142
Geary County,Kansas,57344
Gove County,Kansas,63203
Graham County,Kansas,52909
Grant County,Kansas,72484
Gray County,Kansas,77885
Greeley County,Kansas,78819
Greenwood County,Kansas,58276
Hamilton County,Kansas,61929
Harper County,Kansas,55417
Harvey County,Kansas,73269
Haskell County,Kansas,69138
Hodgeman County,Kansas,63125
Jackson County,Kansas,72703
Jefferson County,Kansas,77393
Jewell County,Kansas,52344
Johnson County,Kansas,107261
Kearny County,Kansas,74135
Kingman County,Kansas,59819
Kiowa County,Kansas,73214
Labette County,Kansas,55439
Lane County,Kansas,53042
Leavenworth County,Kansas,86906
Lincoln County,Kansas,53546
Linn County,Kansas,59200
Logan County,Kansas,71389
Lyon County,Kansas,59078
McPherson County,Kansas,77701
Marion County,Kansas,63438
Marshall County,Kansas,70828
Meade County,Kansas,74868
Miami County,Kansas,88000
Mitchell County,Kansas,58233
Montgomery County,Kansas,53242
Morris County,Kansas,56716
Morton County,Kansas,65625
Nemaha County,Kansas,77375
Neosho County,Kansas,55704
Ness County,Kansas,66107
Norton County,Kansas,50305
Osage County,Kansas,70216
Osborne County,Kansas,59408
Ottawa County,Kansas,76755
Pawnee County,Kansas,63625
Phillips County,Kansas,61235
Pottawatomie County,Kansas,87694
Pratt County,Kansas,64348
Rawlins County,Kansas,65000
Reno County,Kansas,60498
Republic County,Kansas,53611
Rice County,Kansas,63947
Riley County,Kansas,59560
Rooks County,Kansas,61596
Rush County,Kansas,60288
Russell County,Kansas,53902
Saline County,Kansas,63316
Scott County,Kansas,67788
Sedgwick County,Kansas,67675
Seward County,Kansas,62269
Shawnee County,Kansas,66043
Sheridan County,Kansas,70000
Sherman County,Kansas,64444
Smith County,Kansas,57024
Stafford County,Kansas,63786
Stanton County,Kansas,70361
Stevens County,Kansas,61909
Sumner County,Kansas,60348
Thomas County,Kansas,73575
Trego County,Kansas,73375
Wabaunsee County,Kansas,70536
Wallace County,Kansas,60263
Washington County,Kansas,62452
Wichita County,Kansas,71282
Wilson County,Kansas,57056
Woodson County,Kansas,48152
Wyandotte County,Kansas,60582
Adair County,Kentucky,50316
Allen County,Kentucky,59029
Anderson County,Kentucky,71747
Ballard County,Kentucky,64740
Barren County,Kentucky,49171
Bath County,Kentucky,54128
Bell County,Kentucky,32403
Boone County,Kentucky,94752
Bourbon County,Kentucky,56322
Boyd County,Kentucky,60659
Boyle County,Kentucky,61635
Bracken County,Kentucky,59521
Breathitt County,Kentucky,41101
Breckinridge County,Kentucky,53673
Bullitt County,Kentucky,77640
Butler County,Kentucky,52003
Caldwell County,Kentucky,57618
Calloway County,Kentucky,51854
Campbell County,Kentucky,77271
Carlisle County,Kentucky,62019
Carroll County,Kentucky,57753
Carter County,Kentucky,50389
Casey County,Kentucky,41689
Christian County,Kentucky,54190
Clark County,Kentucky,67824
Clay County,Kentucky,39607
Clinton County,Kentucky,42168
Crittenden County,Kentucky,47003
Cumberland County,Kentucky,39662
Daviess County,Kentucky,65323
Edmonson County,Kentucky,54512
Elliott County,Kentucky,40074
Estill County,Kentucky,43905
Fayette County,Kentucky,67631
Fleming County,Kentucky,49663
Floyd County,Kentucky,41582
Franklin County,Kentucky,66470
Fulton County,Kentucky,36834
Gallatin County,Kentucky,62247
Garrard County,Kentucky,62572
Grant County,Kentucky,67940
Graves County,Kentucky,50576
Grayson County,Kentucky,49893
Green County,Kentucky,41087
Greenup County,Kentucky,59613
Hancock County,Kentucky,66836
Hardin County,Kentucky,67608
Harlan County,Kentucky,37198
Harrison County,Kentucky,63205
Hart County,Kentucky,49653
Henderson County,Kentucky,58239
Henry County,Kentucky,60736
Hickman County,Kentucky,63750
Hopkins County,Kentucky,57610
Jackson County,Kentucky,41410
Jefferson County,Kentucky,67849
Jessamine County,Kentucky,74886
Johnson County,Kentucky,43014
Kenton County,Kentucky,79421
Knott County,Kentucky,37736
Knox County,Kentucky,33153
Larue County,Kentucky,67770
Laurel County,Kentucky,56999
Lawrence County,Kentucky,45584
Lee County,Kentucky,34182
Leslie County,Kentucky,40176
Letcher County,Kentucky,40501
Lewis County,Kentucky,41632
Lincoln County,Kentucky,50862
Livingston County,Kentucky,59713
Logan County,Kentucky,61535
Lyon County,Kentucky,64464
McCracken County,Kentucky,62385
McCreary County,Kentucky,37355
McLean County,Kentucky,70549
Madison County,Kentucky,62407
Magoffin County,Kentucky,33632
Marion County,Kentucky,55404
Marshall County,Kentucky,63611
Martin County,Kentucky,46185
Mason County,Kentucky,51473
Meade County,Kentucky,70163
Menifee County,Kentucky,44672
Mercer County,Kentucky,63115
Metcalfe County,Kentucky,48572
Monroe County,Kentucky,49430
Montgomery County,Kentucky,57468
Morgan County,Kentucky,47493
Muhlenberg County,Kentucky,52672
Nelson County,Kentucky,67888
Nicholas County,Kentucky,53616
Ohio County,Kentucky,54369
Oldham County,Kentucky,121491
Owen County,Kentucky,59706
Owsley County,Kentucky,31064
Pendleton County,Kentucky,66601
Perry County,Kentucky,45261
Pike County,Kentucky,42179
Powell County,Kentucky,39811
Pulaski County,Kentucky,50943
Robertson County,Kentucky,52337
Rockcastle County,Kentucky,48367
Rowan County,Kentucky,53657
Russell County,Kentucky,50520
Scott County,Kentucky,83660
Shelby County,Kentucky,82671
Simpson County,Kentucky,57392
Spencer County,Kentucky,98333
Taylor County,Kentucky,61871
Todd County,Kentucky,57759
Trigg County,Kentucky,54630
Trimble County,Kentucky,67813
Union County,Kentucky,60989
Warren County,Kentucky,64801
Washington County,Kentucky,59762
Wayne County,Kentucky,41933
Webster County,Kentucky,58786
Whitley County,Kentucky,41719
Wolfe County,Kentucky,29052
Woodford County,Kentucky,80006
Acadia Parish,Louisiana,45266
Allen Parish,Louisiana,51138
Ascension Parish,Louisiana,92266
Assumption Parish,Louisiana,52546
Avoyelles Parish,Louisiana,39439
Beauregard Parish,Louisiana,64995
Bienville Parish,Louisiana,34992
Bossier Parish,Louisiana,66336
Caddo Parish,Louisiana,50067
Calcasieu Parish,Louisiana,67849
Caldwell Parish,Louisiana,44957
Cameron Parish,Louisiana,72500
Catahoula Parish,Louisiana,47753
Claiborne Parish,Louisiana,31784
Concordia Parish,Louisiana,37349
De Soto Parish,Louisiana,46077
East Baton Rouge Parish,Louisiana,63075
East Carroll Parish,Louisiana,28321
East Feliciana Parish,Louisiana,72899
Evangeline Parish,Louisiana,42273
Franklin Parish,Louisiana,44103
Grant Parish,Louisiana,61112
Iberia Parish,Louisiana,57811
Iberville Parish,Louisiana,57459
Jackson Parish,Louisiana,43345
Jefferson Parish,Louisiana,65246
Jefferson Davis Parish,Louisiana,56500
Lafayette Parish,Louisiana,67660
Lafourche Parish,Louisiana,63439
LaSalle Parish,Louisiana,67077
Lincoln Parish,Louisiana,38035
Livingston Parish,Louisiana,78617
Madison Parish,Louisiana,37267
Morehouse Parish,Louisiana,36981
Natchitoches Parish,Louisiana,46798
Orleans Parish,Louisiana,55339
Ouachita Parish,Louisiana,51241
Plaquemines Parish,Louisiana,82874
Pointe Coupee Parish,Louisiana,59351
Rapides Parish,Louisiana,55946
Red River Parish,Louisiana,44539
Richland Parish,Louisiana,52960
Sabine Parish,Louisiana,52047
St. Bernard Parish,Louisiana,57638
St. Charles Parish,Louisiana,82172
St. Helena Parish,Louisiana,50193
St. James Parish,Louisiana,64536
St. John the Baptist Parish,Louisiana,67418
St. Landry Parish,Louisiana,45637
St. Martin Parish,Louisiana,53394
St. Mary Parish,Louisiana,51768
St. Tammany Parish,Louisiana,79277
Tangipahoa Parish,Louisiana,57256
Tensas Parish,Louisiana,36074
Terrebonne Parish,Louisiana,64819
Union Parish,Louisiana,45743
Vermilion Parish,Louisiana,57537
Vernon Parish,Louisiana,58281
Washington Parish,Louisiana,42776
Webster Parish,Louisiana,37396
West Baton Rouge Parish,Louisiana,87320
West Carroll Parish,Louisiana,48514
West Feliciana Parish,Louisiana,74277
Winn Parish,Louisiana,46368
Androscoggin County,Maine,67298
Aroostook County,Maine,54254
Cumberland County,Maine,92983
Franklin County,Maine,58522
Hancock County,Maine,69630
Kennebec County,Maine,65062
Knox County,Maine,71903
Lincoln County,Maine,72026
Oxford County,Maine,57933
Penobscot County,Maine,63248
Piscataquis County,Maine,55234
Sagadahoc County,Maine,82080
Somerset County,Maine,56199
Waldo County,Maine,68441
Washington County,Maine,52237
York County,Maine,82904
Allegany County,Maryland,57393
Anne Arundel County,Maryland,120324
Baltimore County,Maryland,90904
Calvert County,Maryland,132059
Caroline County,Maryland,66368
Carroll County,Maryland,115876
Cecil County,Maryland,91146
Charles County,Maryland,120592
Dorchester County,Maryland,60495
Frederick County,Maryland,120458
Garrett County,Maryland,69031
Harford County,Maryland,111317
Howard County,Maryland,146982
Kent County,Maryland,74402
Montgomery County,Maryland,128733
Prince George's County,Maryland,100708
Queen Anne's County,Maryland,113347
St. Mary's County,Maryland,114580
Somerset County,Maryland,52462
Talbot County,Maryland,84378
Washington County,Maryland,74157
Wicomico County,Maryland,72861
Worcester County,Maryland,81455
Baltimore city,Maryland,59623
Barnstable County,Massachusetts,94452
Berkshire County,Massachusetts,72565
Bristol County,Massachusetts,84198
Dukes County,Massachusetts,102348
Essex County,Massachusetts,99431
Franklin County,Massachusetts,72584
Hampden County,Massachusetts,70535
Hampshire County,Massachusetts,86391
Middlesex County,Massachusetts,126779
Nantucket County,Massachusetts,119750
Norfolk County,Massachusetts,126497
Plymouth County,Massachusetts,109698
Suffolk County,Massachusetts,92859
Worcester County,Massachusetts,93561
Alcona County,Michigan,53568
Alger County,Michigan,59406
Allegan County,Michigan,80255
Alpena County,Michigan,51909
Antrim County,Michigan,71421
Arenac County,Michigan,56989
Baraga County,Michigan,55117
Barry County,Michigan,77873
Bay County,Michigan,60523
Benzie County,Michigan,72603
Berrien County,Michigan,63152
Branch County,Michigan,61958
Calhoun County,Michigan,60385
Cass County,Michigan,68011
Charlevoix County,Michigan,76495
Cheboygan County,Michigan,61619
Chippewa County,Michigan,60631
Clare County,Michigan,49805
Clinton County,Michigan,85928
Crawford County,Michigan,58614
Delta County,Michigan,54829
Dickinson County,Michigan,61882
Eaton County,Michigan,78025
Emmet County,Michigan,73724
Genesee County,Michigan,60673
Gladwin County,Michigan,55576
Gogebic County,Michigan,49672
Grand Traverse County,Michigan,79486
Gratiot County,Michigan,61128
Hillsdale County,Michigan,60869
Houghton County,Michigan,56573
Huron County,Michigan,56963
Ingham County,Michigan,64354
Ionia County,Michigan,73436
Iosco County,Michigan,47777
Iron County,Michigan,53614
Isabella County,Michigan,53759
Jackson County,Michigan,65004
Kalamazoo County,Michigan,70525
Kalkaska County,Michigan,60365
Kent County,Michigan,80390
Keweenaw County,Michigan,53893
Lake County,Michigan,49680
Lapeer County,Michigan,76228
Leelanau County,Michigan,91943
Lenawee County,Michigan,67013
Livingston County,Michigan,101315
Luce County,Michigan,54338
Mackinac County,Michigan,58598
Macomb County,Michigan,76399
Manistee County,Michigan,60879
Marquette County,Michigan,64675
Mason County,Michigan,62296
Mecosta County,Michigan,57774
Menominee County,Michigan,55688
Midland County,Michigan,77538
Missaukee County,Michigan,61868
Monroe County,Michigan,75272
Montcalm County,Michigan,64892
Montmorency County,Michigan,47803
Muskegon County,Michigan,63495
Newaygo County,Michigan,61931
Oakland County,Michigan,95296
Oceana County,Michigan,63624
Ogemaw County,Michigan,51983
Ontonagon County,Michigan,51844
Osceola County,Michigan,57050
Oscoda County,Michigan,50581
Otsego County,Michigan,67285
Ottawa County,Michigan,87144
Presque Isle County,Michigan,56713
Roscommon County,Michigan,54106
Saginaw County,Michigan,58347
St. Clair County,Michigan,69349
St. Joseph County,Michigan,64707
Sanilac County,Michigan,59074
Schoolcraft County,Michigan,57708
Shiawassee County,Michigan,64464
Tuscola County,Michigan,62847
Van Buren County,Michigan,66902
Washtenaw County,Michigan,87156
Wayne County,Michigan,59521
Wexford County,Michigan,63123
Aitkin County,Minnesota,59498
Anoka County,Minnesota,98764
Becker County,Minnesota,71117
Beltrami County,Minnesota,67257
Benton County,Minnesota,71480
Big Stone County,Minnesota,65475
Blue Earth County,Minnesota,72623
Brown County,Minnesota,68690
Carlton County,Minnesota,80042
Carver County,Minnesota,123144
Cass County,Minnesota,64937
Chippewa County,Minnesota,69192
Chisago County,Minnesota,98260
Clay County,Minnesota,77664
Clearwater County,Minnesota,64934
Cook County,Minnesota,71643
Cottonwood County,Minnesota,68239
Crow Wing County,Minnesota,71343
Dakota County,Minnesota,105212
Dodge County,Minnesota,92943
Douglas County,Minnesota,77264
Faribault County,Minnesota,64391
Fillmore County,Minnesota,75225
Freeborn County,Minnesota,69012
Goodhue County,Minnesota,82749
Grant County,Minnesota,72957
Hennepin County,Minnesota,96339
Houston County,Minnesota,77087
Hubbard County,Minnesota,70622
Isanti County,Minnesota,86573
Itasca County,Minnesota,66380
Jackson County,Minnesota,69955
Kanabec County,Minnesota,71915
Kandiyohi County,Minnesota,75097
Kittson County,Minnesota,69615
Koochiching County,Minnesota,69115
Lac qui Parle County,Minnesota,71639
Lake County,Minnesota,75621
Lake of the Woods County,Minnesota,70091
Le Sueur County,Minnesota,90218
Lincoln County,Minnesota,67715
Lyon County,Minnesota,72761
McLeod County,Minnesota,78468
Mahnomen County,Minnesota,53925
Marshall County,Minnesota,71701
Martin County,Minnesota,62969
Meeker County,Minnesota,75037
Mille Lacs County,Minnesota,71455
Morrison County,Minnesota,68640
Mower County,Minnesota,71495
Murray County,Minnesota,74475
Nicollet County,Minnesota,80362
Nobles County,Minnesota,65509
Norman County,Minnesota,69833
Olmsted County,Minnesota,93494
Otter Tail County,Minnesota,70912
Pennington County,Minnesota,72561
Pine County,Minnesota,69666
Pipestone County,Minnesota,66073
Polk County,Minnesota,69136
Pope County,Minnesota,72205
Ramsey County,Minnesota,81004
Red Lake County,Minnesota,77500
Redwood County,Minnesota,67024
Renville County,Minnesota,69086
Rice County,Minnesota,82792
Rock County,Minnesota,70698
Roseau County,Minnesota,73611
St. Louis County,Minnesota,69455
Scott County,Minnesota,120247
Sherburne County,Minnesota,102965
Sibley County,Minnesota,76082
Stearns County,Minnesota,76447
Steele County,Minnesota,83448
Stevens County,Minnesota,71060
Swift County,Minnesota,62601
Todd County,Minnesota,63039
Traverse County,Minnesota,65931
Wabasha County,Minnesota,80133
Wadena County,Minnesota,56882
Waseca County,Minnesota,75052
Washington County,Minnesota,114457
Watonwan County,Minnesota,70593
Wilkin County,Minnesota,69635
Winona County,Minnesota,70198
Wright County,Minnesota,106666
Yellow Medicine County,Minnesota,71573
Adams County,Mississippi,40250
Alcorn County,Mississippi,49404
Amite County,Mississippi,35385
Attala County,Mississippi,48098
Benton County,Mississippi,42139
Bolivar County,Mississippi,37315
Calhoun County,Mississippi,43942
Carroll County,Mississippi,55275
Chickasaw County,Mississippi,43041
Choctaw County,Mississippi,48321
Claiborne County,Mississippi,34371
Clarke County,Mississippi,46054
Clay County,Mississippi,39904
Coahoma County,Mississippi,36259
Copiah County,Mississippi,47994
Covington County,Mississippi,47001
DeSoto County,Mississippi,82980
Forrest County,Mississippi,52821
Franklin County,Mississippi,45618
George County,Mississippi,54822
Greene County,Mississippi,55838
Grenada County,Mississippi,47998
Hancock County,Mississippi,67728
Harrison County,Mississippi,57233
Hinds County,Mississippi,49966
Holmes County,Mississippi,29434
Humphreys County,Mississippi,32976
Issaquena County,Mississippi,29271
Itawamba County,Mississippi,59508
Jackson County,Mississippi,64756
Jasper County,Mississippi,47157
Jefferson County,Mississippi,36207
Jefferson Davis County,Mississippi,37183
Jones County,Mississippi,51143
Kemper County,Mississippi,43595
Lafayette County,Mississippi,64334
Lamar County,Mississippi,69106
Lauderdale County,Mississippi,50033
Lawrence County,Mississippi,43368
Leake County,Mississippi,48418
Lee County,Mississippi,67144
Leflore County,Mississippi,33188
Lincoln County,Mississippi,48316
Lowndes County,Mississippi,54460
Madison County,Mississippi,78794
Marion County,Mississippi,42320
Marshall County,Mississippi,51875
Monroe County,Mississippi,51231
Montgomery County,Mississippi,45057
Neshoba County,Mississippi,53087
Newton County,Mississippi,50426
Noxubee County,Mississippi,38814
Oktibbeha County,Mississippi,43482
Panola County,Mississippi,43990
Pearl River County,Mississippi,56535
Perry County,Mississippi,50435
Pike County,Mississippi,41578
Pontotoc County,Mississippi,52741
Prentiss County,Mississippi,51466
Quitman County,Mississippi,32131
Rankin County,Mississippi,77454
Scott County,Mississippi,48492
Sharkey County,Mississippi,35741
Simpson County,Mississippi,54111
Smith County,Mississippi,51396
Stone County,Mississippi,59307
Sunflower County,Mississippi,40265
Tallahatchie County,Mississippi,37383
Tate County,Mississippi,63995
Tippah County,Mississippi,51141
Tishomingo County,Mississippi,46257
Tunica County,Mississippi,38402
Union County,Mississippi,56807
Walthall County,Mississippi,45444
Warren County,Mississippi,56648
Washington County,Mississippi,40117
Wayne County,Mississippi,36791
Webster County,Mississippi,59964
Wilkinson County,Mississippi,35930
Winston County,Mississippi,49071
Yalobusha County,Mississippi,49171
Yazoo County,Mississippi,40974
Adair County,Missouri,56583
Andrew County,Missouri,74007
Atchison County,Missouri,59260
Audrain County,Missouri,56232
Barry County,Missouri,56611
Barton County,Missouri,49503
Bates County,Missouri,57914
Benton County,Missouri,52200
Bollinger County,Missouri,57286
Boone County,Missouri,69913
Buchanan County,Missouri,59423
Butler County,Missouri,49213
Caldwell County,Missouri,62520
Callaway County,Missouri,72645
Camden County,Missouri,62927
Cape Girardeau County,Missouri,68912
Carroll County,Missouri,61712
Carter County,Missouri,45083
Cass County,Missouri,87413
Cedar County,Missouri,45577
Chariton County,Missouri,63307
Christian County,Missouri,81245
Clark County,Missouri,51458
Clay County,Missouri,86150
Clinton County,Missouri,70625
Cole County,Missouri,73273
Cooper County,Missouri,67548
Crawford County,Missouri,56345
Dade County,Missouri,49899
Dallas County,Missouri,53177
Daviess County,Missouri,60665
DeKalb County,Missouri,69093
Dent County,Missouri,54306
Douglas County,Missouri,49828
Dunklin County,Missouri,47368
Franklin County,Missouri,71973
Gasconade County,Missouri,65096
Gentry County,Missouri,57458
Greene County,Missouri,57488
Grundy County,Missouri,53839
Harrison County,Missouri,53364
Henry County,Missouri,56621
Hickory County,Missouri,35084
Holt County,Missouri,58516
Howard County,Missouri,62628
Howell County,Missouri,49814
Iron County,Missouri,51161
Jackson County,Missouri,67178
Jasper County,Missouri,57525
Jefferson County,Missouri,80522
Johnson County,Missouri,67123
Knox County,Missouri,53333
Laclede County,Missouri,50825
Lafayette County,Missouri,79091
Lawrence County,Missouri,55849
Lewis County,Missouri,52340
Lincoln County,Missouri,85276
Linn County,Missouri,61975
Livingston County,Missouri,60148
McDonald County,Missouri,48145
Macon County,Missouri,58318
Madison County,Missouri,58435
Maries County,Missouri,61359
Marion County,Missouri,63908
Mercer County,Missouri,60357
Miller County,Missouri,55172
Mississippi County,Missouri,46258
Moniteau County,Missouri,65161
Monroe County,Missouri,48299
Montgomery County,Missouri,61042
Morgan County,Missouri,49663
New Madrid County,Missouri,49237
Newton County,Missouri,64583
Nodaway County,Missouri,55970
Oregon County,Missouri,44259
Osage County,Missouri,75355
Ozark County,Missouri,42329
Pemiscot County,Missouri,40748
Perry County,Missouri,63356
Pettis County,Missouri,60232
Phelps County,Missouri,55427
Pike County,Missouri,57572
Platte County,Missouri,95748
Polk County,Missouri,56686
Pulaski County,Missouri,66435
Putnam County,Missouri,56875
Ralls County,Missouri,62054
Randolph County,Missouri,55310
Ray County,Missouri,72152
Reynolds County,Missouri,44357
Ripley County,Missouri,43898
St. Charles County,Missouri,102912
St. Clair County,Missouri,46731
Ste. Genevieve County,Missouri,61310
St. Francois County,Missouri,54813
St. Louis County,Missouri,81340
Saline County,Missouri,56566
Schuyler County,Missouri,56023
Scotland County,Missouri,67568
Scott County,Missouri,58847
Shannon County,Missouri,59000
Shelby County,Missouri,52127
Stoddard County,Missouri,54067
Stone County,Missouri,61323
Sullivan County,Missouri,55500
Taney County,Missouri,58258
Texas County,Missouri,48055
Vernon County,Missouri,54519
Warren County,Missouri,77989
Washington County,Missouri,51886
Wayne County,Missouri,43393
Webster County,Missouri,69731
Worth County,Missouri,46167
Wright County,Missouri,47304
St. Louis city,Missouri,55279
Beaverhead County,Montana,58072
Big Horn County,Montana,56680
Blaine County,Montana,65050
Broadwater County,Montana,63636
Carbon County,Montana,71017
Carter County,Montana,52171
Cascade County,Montana,66203
Chouteau County,Montana,56927
Custer County,Montana,63585
Daniels County,Montana,58000
Dawson County,Montana,70953
Deer Lodge County,Montana,49533
Fallon County,Montana,72284
Fergus County,Montana,59731
Flathead County,Montana,71327
Gallatin County,Montana,87454
Garfield County,Montana,61750
Glacier County,Montana,45129
Golden Valley County,Montana,57353
Granite County,Montana,54646
Hill County,Montana,55313
Jefferson County,Montana,76576
Judith Basin County,Montana,55417
Lake County,Montana,61965
Lewis and Clark County,Montana,74543
Liberty County,Montana,53264
Lincoln County,Montana,47018
McCone County,Montana,71842
Madison County,Montana,67420
Meagher County,Montana,56215
Mineral County,Montana,61117
Missoula County,Montana,71246
Musselshell County,Montana,59010
Park County,Montana,66607
Petroleum County,Montana,59318
Phillips County,Montana,58156
Pondera County,Montana,53500
Powder River County,Montana,68009
Powell County,Montana,63432
Prairie County,Montana,45192
Ravalli County,Montana,71323
Richland County,Montana,69578
Roosevelt County,Montana,53125
Rosebud County,Montana,56430
Sanders County,Montana,54035
Sheridan County,Montana,63654
Silver Bow County,Montana,57504
Stillwater County,Montana,81503
Sweet Grass County,Montana,69426
Teton County,Montana,67766
Toole County,Montana,53693
Treasure County,Montana,73036
Valley County,Montana,64515
Wheatland County,Montana,47054
Wibaux County,Montana,64792
Yellowstone County,Montana,74400
Adams County,Nebraska,65680
Antelope County,Nebraska,63750
Arthur County,Nebraska,67500
Banner County,Nebraska,71250
Blaine County,Nebraska,61250
Boone County,Nebraska,71367
Box Butte County,Nebraska,68778
Boyd County,Nebraska,58984
Brown County,Nebraska,51538
Buffalo County,Nebraska,74570
Burt County,Nebraska,57303
Butler County,Nebraska,82603
Cass County,Nebraska,88255
Cedar County,Nebraska,73977
Chase County,Nebraska,62782
Cherry County,Nebraska,63750
Cheyenne County,Nebraska,57594
Clay County,Nebraska,75938
Colfax County,Nebraska,79720
Cuming County,Nebraska,70708
Custer County,Nebraska,66310
Dakota County,Nebraska,71655
Dawes County,Nebraska,54381
Dawson County,Nebraska,65383
Deuel County,Nebraska,61438
Dixon County,Nebraska,69156
Dodge County,Nebraska,71294
Douglas County,Nebraska,79081
Dundy County,Nebraska,56563
Fillmore County,Nebraska,76354
Franklin County,Nebraska,57692
Frontier County,Nebraska,68207
Furnas County,Nebraska,60625
Gage County,Nebraska,64426
Garden County,Nebraska,44777
Garfield County,Nebraska,68611
Gosper County,Nebraska,79145
Grant County,Nebraska,69063
Greeley County,Nebraska,58894
Hall County,Nebraska,67549
Hamilton County,Nebraska,79884
Harlan County,Nebraska,70536
Hayes County,Nebraska,60313
Hitchcock County,Nebraska,52016
Holt County,Nebraska,67225
Hooker County,Nebraska,45854
Howard County,Nebraska,74508
Jefferson County,Nebraska,60568
Johnson County,Nebraska,59457
Kearney County,Nebraska,79167
Keith County,Nebraska,58132
Keya Paha County,Nebraska,60313
Kimball County,Nebraska,59438
Knox County,Nebraska,64821
Lancaster County,Nebraska,72625
Lincoln County,Nebraska,64342
Logan County,Nebraska,71650
Loup County,Nebraska,60156
McPherson County,Nebraska,61316
Madison County,Nebraska,64637
Merrick County,Nebraska,62849
Morrill County,Nebraska,59773
Nance County,Nebraska,65438
Nemaha County,Nebraska,60132
Nuckolls County,Nebraska,70201
Otoe County,Nebraska,81430
Pawnee County,Nebraska,54926
Perkins County,Nebraska,67500
Phelps County,Nebraska,65988
Pierce County,Nebraska,75938
Platte County,Nebraska,72335
Polk County,Nebraska,71771
Red Willow County,Nebraska,60000
Richardson County,Nebraska,55578
Rock County,Nebraska,57500
Saline County,Nebraska,77027
Sarpy County,Nebraska,101402
Saunders County,Nebraska,89395
Scotts Bluff County,Nebraska,60960
Seward County,Nebraska,81122
Sheridan County,Nebraska,56900
Sherman County,Nebraska,61935
Sioux County,Nebraska,54076
Stanton County,Nebraska,78275
Thayer County,Nebraska,63095
Thomas County,Nebraska,72708
Thurston County,Nebraska,64838
Valley County,Nebraska,58902
Washington County,Nebraska,90188
Wayne County,Nebraska,67687
Webster County,Nebraska,65197
Wheeler County,Nebraska,55893
York County,Nebraska,74058
Churchill County,Nevada,73268
Clark County,Nevada,73845
Douglas County,Nevada,88018
Elko County,Nevada,83427
Esmeralda County,Nevada,-
Eureka County,Nevada,73095
Humboldt County,Nevada,79946
Lander County,Nevada,84474
Lincoln County,Nevada,69496
Lyon County,Nevada,73460
Mineral County,Nevada,50584
Nye County,Nevada,55975
Pershing County,Nevada,72007
Storey County,Nevada,96000
Washoe County,Nevada,85600
White Pine County,Nevada,72294
Carson City,Nevada,71809
Belknap County,New Hampshire,87983
Carroll County,New Hampshire,82961
Cheshire County,New Hampshire,81001
Coos County,New Hampshire,58439
Grafton County,New Hampshire,84021
Hillsborough County,New Hampshire,100436
Merrimack County,New Hampshire,93944
Rockingham County,New Hampshire,113927
Strafford County,New Hampshire,86564
Sullivan County,New Hampshire,75929
Atlantic County,New Jersey,76819
Bergen County,New Jersey,123715
Burlington County,New Jersey,105271
Camden County,New Jersey,86384
Cape May County,New Jersey,88046
Cumberland County,New Jersey,64499
Essex County,New Jersey,76712
Gloucester County,New Jersey,102807
Hudson County,New Jersey,90032
Hunterdon County,New Jersey,139453
Mercer County,New Jersey,96333
Middlesex County,New Jersey,109028
Monmouth County,New Jersey,122727
Morris County,New Jersey,134929
Ocean County,New Jersey,86411
Passaic County,New Jersey,87137
Salem County,New Jersey,78412
Somerset County,New Jersey,135960
Sussex County,New Jersey,114316
Union County,New Jersey,100117
Warren County,New Jersey,99596
Bernalillo County,New Mexico,66514
Catron County,New Mexico,46439
Chaves County,New Mexico,52029
Cibola County,New Mexico,51765
Colfax County,New Mexico,52690
Curry County,New Mexico,56259
De Baca County,New Mexico,40804
Doña Ana County,New Mexico,55663
Eddy County,New Mexico,79605
Grant County,New Mexico,45921
Guadalupe County,New Mexico,40149
Harding County,New Mexico,41250
Hidalgo County,New Mexico,49076
Lea County,New Mexico,68750
Lincoln County,New Mexico,51643
Los Alamos County,New Mexico,143188
Luna County,New Mexico,37917
McKinley County,New Mexico,44496
Mora County,New Mexico,50178
Otero County,New Mexico,52717
Quay County,New Mexico,43698
Rio Arriba County,New Mexico,53901
Roosevelt County,New Mexico,52445
Sandoval County,New Mexico,84053
San Juan County,New Mexico,53020
San Miguel County,New Mexico,47400
Santa Fe County,New Mexico,74689
Sierra County,New Mexico,37840
Socorro County,New Mexico,47556
Taos County,New Mexico,58908
Torrance County,New Mexico,46250
Union County,New Mexico,45319
Valencia County,New Mexico,58333
Albany County,New York,83149
Allegany County,New York,61233
Bronx County,New York,49036
Broome County,New York,61059
Cattaraugus County,New York,58248
Cayuga County,New York,66583
Chautauqua County,New York,56507
Chemung County,New York,63469
Chenango County,New York,62093
Clinton County,New York,69208
Columbia County,New York,83619
Cortland County,New York,67527
Delaware County,New York,60226
Dutchess County,New York,97273
Erie County,New York,71175
Essex County,New York,70215
Franklin County,New York,63747
Fulton County,New York,62615
Genesee County,New York,72055
Greene County,New York,74011
Hamilton County,New York,68950
Herkimer County,New York,68858
Jefferson County,New York,64978
Kings County,New York,78548
Lewis County,New York,68329
Livingston County,New York,72464
Madison County,New York,73141
Monroe County,New York,74409
Montgomery County,New York,62923
Nassau County,New York,143408
New York County,New York,104553
Niagara County,New York,67809
Oneida County,New York,68819
Onondaga County,New York,74740
Ontario County,New York,79814
Orange County,New York,96497
Orleans County,New York,63838
Oswego County,New York,68461
Otsego County,New York,67086
Putnam County,New York,127405
Queens County,New York,84961
Rensselaer County,New York,86663
Richmond County,New York,98290
Rockland County,New York,110631
St. Lawrence County,New York,61900
Saratoga County,New York,99653
Schenectady County,New York,76989
Schoharie County,New York,71188
Schuyler County,New York,65625
Seneca County,New York,66007
Steuben County,New York,64740
Suffolk County,New York,128329
Sullivan County,New York,69826
Tioga County,New York,71791
Tompkins County,New York,73012
Ulster County,New York,81804
Warren County,New York,78239
Washington County,New York,72342
Wayne County,New York,73914
Westchester County,New York,118411
Wyoming County,New York,68913
Yates County,New York,67521
Alamance County,North Carolina,64445
Alexander County,North Carolina,65268
Alleghany County,North Carolina,44272
Anson County,North Carolina,44245
Ashe County,North Carolina,50827
Avery County,North Carolina,57657
Beaufort County,North Carolina,57997
Bertie County,North Carolina,45931
Bladen County,North Carolina,44528
Brunswick County,North Carolina,74034
Buncombe County,North Carolina,70578
Burke County,North Carolina,55684
Cabarrus County,North Carolina,86084
Caldwell County,North Carolina,55401
Camden County,North Carolina,87781
Carteret County,North Carolina,70235
Caswell County,North Carolina,59407
Catawba County,North Carolina,64544
Chatham County,North Carolina,88534
Cherokee County,North Carolina,51496
Chowan County,North Carolina,56982
Clay County,North Carolina,53645
Cleveland County,North Carolina,55769
Columbus County,North Carolina,48184
Craven County,North Carolina,64635
Cumberland County,North Carolina,58780
Currituck County,North Carolina,91548
Dare County,North Carolina,81214
Davidson County,North Carolina,62426
Davie County,North Carolina,73234
Duplin County,North Carolina,51880
Durham County,North Carolina,79501
Edgecombe County,North Carolina,48480
Forsyth County,North Carolina,65541
Franklin County,North Carolina,71386
Gaston County,North Carolina,65472
Gates County,North Carolina,61612
Graham County,North Carolina,49038
Granville County,North Carolina,70975
Greene County,North Carolina,50904
Guilford County,North Carolina,66027
Halifax County,North Carolina,45071
Harnett County,North Carolina,69012
Haywood County,North Carolina,61001
Henderson County,North Carolina,67623
Hertford County,North Carolina,47472
Hoke County,North Carolina,60095
Hyde County,North Carolina,47338
Iredell County,North Carolina,78678
Jackson County,North Carolina,53479
Johnston County,North Carolina,79838
Jones County,North Carolina,55659
Lee County,North Carolina,63060
Lenoir County,North Carolina,44795
Lincoln County,North Carolina,78490
McDowell County,North Carolina,55527
Macon County,North Carolina,53298
Madison County,North Carolina,58628
Martin County,North Carolina,46793
Mecklenburg County,North Carolina,83765
Mitchell County,North Carolina,58089
Montgomery County,North Carolina,55849
Moore County,North Carolina,82837
Nash County,North Carolina,60704
New Hanover County,North Carolina,72892
Northampton County,North Carolina,47935
Onslow County,North Carolina,64568
Orange County,North Carolina,88553
Pamlico County,North Carolina,61624
Pasquotank County,North Carolina,63912
Pender County,North Carolina,76838
Perquimans County,North Carolina,61224
Person County,North Carolina,64927
Pitt County,North Carolina,58851
Polk County,North Carolina,61005
Randolph County,North Carolina,59047
Richmond County,North Carolina,43626
Robeson County,North Carolina,40318
Rockingham County,North Carolina,55796
Rowan County,North Carolina,63196
Rutherford County,North Carolina,49771
Sampson County,North Carolina,53159
Scotland County,North Carolina,43500
Stanly County,North Carolina,61631
Stokes County,North Carolina,60039
Surry County,North Carolina,56095
Swain County,North Carolina,55429
Transylvania County,North Carolina,64523
Tyrrell County,North Carolina,43952
Union County,North Carolina,99243
Vance County,North Carolina,46943
Wake County,North Carolina,101763
Warren County,North Carolina,45279
Washington County,North Carolina,41750
Watauga County,North Carolina,51367
Wayne County,North Carolina,58082
Wilkes County,North Carolina,50438
Wilson County,North Carolina,51381
Yadkin County,North Carolina,60321
Yancey County,North Carolina,54961
Adams County,North Dakota,55417
Barnes County,North Dakota,70230
Benson County,North Dakota,68049
Billings County,North Dakota,81250
Bottineau County,North Dakota,83460
Bowman County,North Dakota,83773
Burke County,North Dakota,96339
Burleigh County,North Dakota,84948
Cass County,North Dakota,75023
Cavalier County,North Dakota,67064
Dickey County,North Dakota,63125
Divide County,North Dakota,89297
Dunn County,North Dakota,94688
Eddy County,North Dakota,55389
Emmons County,North Dakota,67368
Foster County,North Dakota,83412
Golden Valley County,North Dakota,76528
Grand Forks County,North Dakota,68450
Grant County,North Dakota,56750
Griggs County,North Dakota,64737
Hettinger County,North Dakota,70827
Kidder County,North Dakota,61850
LaMoure County,North Dakota,70263
Logan County,North Dakota,61339
McHenry County,North Dakota,80614
McIntosh County,North Dakota,64236
McKenzie County,North Dakota,88289
McLean County,North Dakota,81847
Mercer County,North Dakota,79405
Morton County,North Dakota,79483
Mountrail County,North Dakota,81292
Nelson County,North Dakota,68051
Oliver County,North Dakota,76953
Pembina County,North Dakota,66884
Pierce County,North Dakota,63214
Ramsey County,North Dakota,61319
Ransom County,North Dakota,74521
Renville County,North Dakota,76311
Richland County,North Dakota,72524
Rolette County,North Dakota,57355
Sargent County,North Dakota,77697
Sheridan County,North Dakota,67361
Sioux County,North Dakota,41676
Slope County,North Dakota,62500
Stark County,North Dakota,80744
Steele County,North Dakota,80313
Stutsman County,North Dakota,60172
Towner County,North Dakota,63017
Traill County,North Dakota,88289
Walsh County,North Dakota,69976
Ward County,North Dakota,79273
Wells County,North Dakota,61346
Williams County,North Dakota,90224
Adams County,Ohio,49521
Allen County,Ohio,62001
Ashland County,Ohio,64991
Ashtabula County,Ohio,55507
Athens County,Ohio,53837
Auglaize County,Ohio,76454
Belmont County,Ohio,58411
Brown County,Ohio,69990
Butler County,Ohio,81194
Carroll County,Ohio,64675
Champaign County,Ohio,74239
Clark County,Ohio,60846
Clermont County,Ohio,83178
Clinton County,Ohio,68125
Columbiana County,Ohio,58474
Coshocton County,Ohio,54687
Crawford County,Ohio,55477
Cuyahoga County,Ohio,62823
Darke County,Ohio,64654
Defiance County,Ohio,73615
Delaware County,Ohio,130088
Erie County,Ohio,68431
Fairfield County,Ohio,87069
Fayette County,Ohio,60047
Franklin County,Ohio,73795
Fulton County,Ohio,72866
Gallia County,Ohio,56455
Geauga County,Ohio,100783
Greene County,Ohio,85218
Guernsey County,Ohio,55756
Hamilton County,Ohio,70816
Hancock County,Ohio,69699
Hardin County,Ohio,58001
Harrison County,Ohio,53851
Henry County,Ohio,79267
Highland County,Ohio,62008
Hocking County,Ohio,61366
Holmes County,Ohio,74774
Huron County,Ohio,65972
Jackson County,Ohio,58409
Jefferson County,Ohio,56983
Knox County,Ohio,73988
Lake County,Ohio,77952
Lawrence County,Ohio,54842
Licking County,Ohio,81033
Logan County,Ohio,69183
Lorain County,Ohio,70693
Lucas County,Ohio,60095
Madison County,Ohio,83229
Mahoning County,Ohio,55576
Marion County,Ohio,57306
Medina County,Ohio,92660
Meigs County,Ohio,46701
Mercer County,Ohio,78036
Miami County,Ohio,74175
Monroe County,Ohio,58962
Montgomery County,Ohio,64403
Morgan County,Ohio,55971
Morrow County,Ohio,71047
Muskingum County,Ohio,59203
Noble County,Ohio,55360
Ottawa County,Ohio,75728
Paulding County,Ohio,68167
Perry County,Ohio,64737
Pickaway County,Ohio,72927
Pike County,Ohio,49552
Portage County,Ohio,72822
Preble County,Ohio,71237
Putnam County,Ohio,82785
Richland County,Ohio,57649
Ross County,Ohio,59819
Sandusky County,Ohio,62500
Scioto County,Ohio,49571
Seneca County,Ohio,65020
Shelby County,Ohio,72822
Stark County,Ohio,65740
Summit County,Ohio,71016
Trumbull County,Ohio,55088
Tuscarawas County,Ohio,64494
Union County,Ohio,109506
Van Wert County,Ohio,65344
Vinton County,Ohio,53813
Warren County,Ohio,107843
Washington County,Ohio,61355
Wayne County,Ohio,71769
Williams County,Ohio,61834
Wood County,Ohio,73124
Wyandot County,Ohio,71878
Adair County,Oklahoma,48028
Alfalfa County,Oklahoma,67870
Atoka County,Oklahoma,52034
Beaver County,Oklahoma,64266
Beckham County,Oklahoma,52323
Blaine County,Oklahoma,59304
Bryan County,Oklahoma,54280
Caddo County,Oklahoma,52817
Canadian County,Oklahoma,85427
Carter County,Oklahoma,58856
Cherokee County,Oklahoma,53668
Choctaw County,Oklahoma,45456
Cimarron County,Oklahoma,57204
Cleveland County,Oklahoma,74446
Coal County,Oklahoma,48162
Comanche County,Oklahoma,59000
Cotton County,Oklahoma,60313
Craig County,Oklahoma,50182
Creek County,Oklahoma,61849
Custer County,Oklahoma,57562
Delaware County,Oklahoma,55114
Dewey County,Oklahoma,60550
Ellis County,Oklahoma,56992
Garfield County,Oklahoma,67302
Garvin County,Oklahoma,57127
Grady County,Oklahoma,75730
Grant County,Oklahoma,61824
Greer County,Oklahoma,60183
Harmon County,Oklahoma,54286
Harper County,Oklahoma,59191
Haskell County,Oklahoma,49930
Hughes County,Oklahoma,47923
Jackson County,Oklahoma,61497
Jefferson County,Oklahoma,48750
Johnston County,Oklahoma,50911
Kay County,Oklahoma,56673
Kingfisher County,Oklahoma,70617
Kiowa County,Oklahoma,42063
Latimer County,Oklahoma,41048
Le Flore County,Oklahoma,50027
Lincoln County,Oklahoma,59425
Logan County,Oklahoma,82735
Love County,Oklahoma,62940
McClain County,Oklahoma,84778
McCurtain County,Oklahoma,50175
McIntosh County,Oklahoma,46203
Major County,Oklahoma,69229
Marshall County,Oklahoma,56495
Mayes County,Oklahoma,57279
Murray County,Oklahoma,61904
Muskogee County,Oklahoma,51999
Noble County,Oklahoma,70071
Nowata County,Oklahoma,52679
Okfuskee County,Oklahoma,45441
Oklahoma County,Oklahoma,65374
Okmulgee County,Oklahoma,53123
Osage County,Oklahoma,60482
Ottawa County,Oklahoma,48656
Pawnee County,Oklahoma,57551
Payne County,Oklahoma,48937
Pittsburg County,Oklahoma,54787
Pontotoc County,Oklahoma,62564
Pottawatomie County,Oklahoma,60828
Pushmataha County,Oklahoma,44634
Roger Mills County,Oklahoma,62721
Rogers County,Oklahoma,77688
Seminole County,Oklahoma,46191
Sequoyah County,Oklahoma,49795
Stephens County,Oklahoma,60236
Texas County,Oklahoma,59275
Tillman County,Oklahoma,47445
Tulsa County,Oklahoma,67317
Wagoner County,Oklahoma,78520
Washington County,Oklahoma,61205
Washita County,Oklahoma,61980
Woods County,Oklahoma,50512
Woodward County,Oklahoma,65060
Baker County,Oregon,57844
Benton County,Oregon,76011
Clackamas County,Oregon,100360
Clatsop County,Oregon,68705
Columbia County,Oregon,86359
Coos County,Oregon,60313
Crook County,Oregon,81675
Curry County,Oregon,64769
Deschutes County,Oregon,87640
Douglas County,Oregon,58983
Gilliam County,Oregon,64219
Grant County,Oregon,59800
Harney County,Oregon,48338
Hood River County,Oregon,82095
Jackson County,Oregon,71443
Jefferson County,Oregon,73051
Josephine County,Oregon,59097
Klamath County,Oregon,59353
Lake County,Oregon,61222
Lane County,Oregon,69311
Lincoln County,Oregon,61314
Linn County,Oregon,73396
Malheur County,Oregon,49902
Marion County,Oregon,74624
Morrow County,Oregon,70217
Multnomah County,Oregon,86247
Polk County,Oregon,81318
Sherman County,Oregon,59500
Tillamook County,Oregon,66551
Umatilla County,Oregon,68958
Union County,Oregon,64212
Wallowa County,Oregon,65559
Wasco County,Oregon,63602
Washington County,Oregon,104434
Wheeler County,Oregon,51250
Yamhill County,Oregon,87084
Adams County,Pennsylvania,81071
Allegheny County,Pennsylvania,76393
Armstrong County,Pennsylvania,64295
Beaver County,Pennsylvania,70156
Bedford County,Pennsylvania,60302
Berks County,Pennsylvania,77684
Blair County,Pennsylvania,60594
Bradford County,Pennsylvania,62482
Bucks County,Pennsylvania,111951
Butler County,Pennsylvania,86775
Cambria County,Pennsylvania,56292
Cameron County,Pennsylvania,47681
Carbon County,Pennsylvania,67877
Centre County,Pennsylvania,72748
Chester County,Pennsylvania,123041
Clarion County,Pennsylvania,60668
Clearfield County,Pennsylvania,60181
Clinton County,Pennsylvania,58842
Columbia County,Pennsylvania,61992
Crawford County,Pennsylvania,60254
Cumberland County,Pennsylvania,85634
Dauphin County,Pennsylvania,74159
Delaware County,Pennsylvania,88576
Elk County,Pennsylvania,64103
Erie County,Pennsylvania,61476
Fayette County,Pennsylvania,56093
Forest County,Pennsylvania,50061
Franklin County,Pennsylvania,74946
Fulton County,Pennsylvania,64798
Greene County,Pennsylvania,66870
Huntingdon County,Pennsylvania,65429
Indiana County,Pennsylvania,58739
Jefferson County,Pennsylvania,56898
Juniata County,Pennsylvania,63923
Lackawanna County,Pennsylvania,64691
Lancaster County,Pennsylvania,83703
Lawrence County,Pennsylvania,60779
Lebanon County,Pennsylvania,76350
Lehigh County,Pennsylvania,77493
Luzerne County,Pennsylvania,62321
Lycoming County,Pennsylvania,64412
McKean County,Pennsylvania,61705
Mercer County,Pennsylvania,60614
Mifflin County,Pennsylvania,61415
Monroe County,Pennsylvania,82374
Montgomery County,Pennsylvania,111521
Montour County,Pennsylvania,72926
Northampton County,Pennsylvania,86687
Northumberland County,Pennsylvania,57948
Perry County,Pennsylvania,78824
Philadelphia County,Pennsylvania,60698
Pike County,Pennsylvania,79318
Potter County,Pennsylvania,59840
Schuylkill County,Pennsylvania,66901
Snyder County,Pennsylvania,68435
Somerset County,Pennsylvania,59378
Sullivan County,Pennsylvania,64758
Susquehanna County,Pennsylvania,66930
Tioga County,Pennsylvania,62932
Union County,Pennsylvania,72894
Venango County,Pennsylvania,61626
Warren County,Pennsylvania,59013
Washington County,Pennsylvania,77487
Wayne County,Pennsylvania,62182
Westmoreland County,Pennsylvania,72468
Wyoming County,Pennsylvania,70268
York County,Pennsylvania,82238
Bristol County,Rhode Island,110926
Kent County,Rhode Island,91278
Newport County,Rhode Island,100859
Providence County,Rhode Island,78204
Washington County,Rhode Island,102478
Abbeville County,South Carolina,52112
Aiken County,South Carolina,67940
Allendale County,South Carolina,31603
Anderson County,South Carolina,64683
Bamberg County,South Carolina,43206
Barnwell County,South Carolina,41800
Beaufort County,South Carolina,84819
Berkeley County,South Carolina,82327
Calhoun County,South Carolina,56690
Charleston County,South Carolina,84320
Cherokee County,South Carolina,49047
Chester County,South Carolina,51216
Chesterfield County,South Carolina,47620
Clarendon County,South Carolina,48887
Colleton County,South Carolina,48779
Darlington County,South Carolina,47419
Dillon County,South Carolina,44038
Dorchester County,South Carolina,76896
Edgefield County,South Carolina,67092
Fairfield County,South Carolina,46972
Florence County,South Carolina,56650
Georgetown County,South Carolina,66734
Greenville County,South Carolina,74624
Greenwood County,South Carolina,50635
Hampton County,South Carolina,43059
Horry County,South Carolina,64623
Jasper County,South Carolina,63503
Kershaw County,South Carolina,64343
Lancaster County,South Carolina,74751
Laurens County,South Carolina,55517
Lee County,South Carolina,44145
Lexington County,South Carolina,75014
McCormick County,South Carolina,55344
Marion County,South Carolina,34501
Marlboro County,South Carolina,36293
Newberry County,South Carolina,59670
Oconee County,South Carolina,60193
Orangeburg County,South Carolina,43214
Pickens County,South Carolina,59411
Richland County,South Carolina,61699
Saluda County,South Carolina,52957
Spartanburg County,South Carolina,64195
Sumter County,South Carolina,55990
Union County,South Carolina,41200
Williamsburg County,South Carolina,43471
York County,South Carolina,83060
Aurora County,South Dakota,74130
Beadle County,South Dakota,63082
Bennett County,South Dakota,44569
Bon Homme County,South Dakota,61275
Brookings County,South Dakota,67341
Brown County,South Dakota,70239
Brule County,South Dakota,74043
Buffalo County,South Dakota,47000
Butte County,South Dakota,67692
Campbell County,South Dakota,65000
Charles Mix County,South Dakota,64850
Clark County,South Dakota,62885
Clay County,South Dakota,58794
Codington County,South Dakota,65080
Corson County,South Dakota,43750
Custer County,South Dakota,81958
Davison County,South Dakota,61401
Day County,South Dakota,62270
Deuel County,South Dakota,79556
Dewey County,South Dakota,57928
Douglas County,South Dakota,78125
Edmunds County,South Dakota,77266
Fall River County,South Dakota,61056
Faulk County,South Dakota,58000
Grant County,South Dakota,73818
Gregory County,South Dakota,52432
Haakon County,South Dakota,59231
Hamlin County,South Dakota,83194
Hand County,South Dakota,72054
Hanson County,South Dakota,86375
Harding County,South Dakota,74766
Hughes County,South Dakota,78981
Hutchinson County,South Dakota,74459
Hyde County,South Dakota,74279
Jackson County,South Dakota,26686
Jerauld County,South Dakota,75417
Jones County,South Dakota,64688
Kingsbury County,South Dakota,70221
Lake County,South Dakota,73792
Lawrence County,South Dakota,66766
Lincoln County,South Dakota,96552
Lyman County,South Dakota,61169
McCook County,South Dakota,80847
McPherson County,South Dakota,62024
Marshall County,South Dakota,72500
Meade County,South Dakota,74161
Mellette County,South Dakota,51364
Miner County,South Dakota,72589
Minnehaha County,South Dakota,76074
Moody County,South Dakota,77500
Oglala Lakota County,South Dakota,34769
Pennington County,South Dakota,70768
Perkins County,South Dakota,65455
Potter County,South Dakota,71726
Roberts County,South Dakota,63691
Sanborn County,South Dakota,69870
Spink County,South Dakota,73011
Stanley County,South Dakota,77000
Sully County,South Dakota,70250
Todd County,South Dakota,39148
Tripp County,South Dakota,58854
Turner County,South Dakota,75283
Union County,South Dakota,84137
Walworth County,South Dakota,62722
Yankton County,South Dakota,73855
Ziebach County,South Dakota,47333
Anderson County,Tennessee,63171
Bedford County,Tennessee,62197
Benton County,Tennessee,50435
Bledsoe County,Tennessee,49655
Blount County,Tennessee,74607
Bradley County,Tennessee,63789
Campbell County,Tennessee,50260
Cannon County,Tennessee,58092
Carroll County,Tennessee,50391
Carter County,Tennessee,48435
Cheatham County,Tennessee,82015
Chester County,Tennessee,60543
Claiborne County,Tennessee,46587
Clay County,Tennessee,44712
Cocke County,Tennessee,48416
Coffee County,Tennessee,60656
Crockett County,Tennessee,59049
Cumberland County,Tennessee,58475
Davidson County,Tennessee,75664
Decatur County,Tennessee,46190
DeKalb County,Tennessee,48484
Dickson County,Tennessee,73223
Dyer County,Tennessee,54973
Fayette County,Tennessee,84764
Fentress County,Tennessee,50865
Franklin County,Tennessee,61553
Gibson County,Tennessee,59009
Giles County,Tennessee,61476
Grainger County,Tennessee,51351
Greene County,Tennessee,54071
Grundy County,Tennessee,45573
Hamblen County,Tennessee,52794
Hamilton County,Tennessee,72568
Hancock County,Tennessee,31995
Hardeman County,Tennessee,46173
Hardin County,Tennessee,49149
Hawkins County,Tennessee,55278
Haywood County,Tennessee,43513
Henderson County,Tennessee,53471
Henry County,Tennessee,48540
Hickman County,Tennessee,57223
Houston County,Tennessee,54475
Humphreys County,Tennessee,59333
Jackson County,Tennessee,41475
Jefferson County,Tennessee,63084
Johnson County,Tennessee,52152
Knox County,Tennessee,71662
Lake County,Tennessee,30500
Lauderdale County,Tennessee,49205
Lawrence County,Tennessee,53233
Lewis County,Tennessee,49477
Lincoln County,Tennessee,63115
Loudon County,Tennessee,80296
McMinn County,Tennessee,59674
McNairy County,Tennessee,50714
Macon County,Tennessee,56269
Madison County,Tennessee,58189
Marion County,Tennessee,58103
Marshall County,Tennessee,70829
Maury County,Tennessee,74162
Meigs County,Tennessee,58395
Monroe County,Tennessee,56648
Montgomery County,Tennessee,72365
Moore County,Tennessee,66687
Morgan County,Tennessee,57408
Obion County,Tennessee,53102
Overton County,Tennessee,46159
Perry County,Tennessee,50489
Pickett County,Tennessee,44591
Polk County,Tennessee,60227
Putnam County,Tennessee,56537
Rhea County,Tennessee,58133
Roane County,Tennessee,66218
Robertson County,Tennessee,78439
Rutherford County,Tennessee,82588
Scott County,Tennessee,42679
Sequatchie County,Tennessee,52260
Sevier County,Tennessee,63829
Shelby County,Tennessee,62337
Smith County,Tennessee,62799
Stewart County,Tennessee,62052
Sullivan County,Tennessee,56802
Sumner County,Tennessee,86005
Tipton County,Tennessee,71736
Trousdale County,Tennessee,63190
Unicoi County,Tennessee,50381
Union County,Tennessee,61858
Van Buren County,Tennessee,60281
Warren County,Tennessee,54088
Washington County,Tennessee,61051
Wayne County,Tennessee,52824
Weakley County,Tennessee,49502
White County,Tennessee,52206
Williamson County,Tennessee,131202
Wilson County,Tennessee,94048
Anderson County,Texas,58846
Andrews County,Texas,76902
Angelina County,Texas,58847
Aransas County,Texas,61754
Archer County,Texas,71958
Armstrong County,Texas,68462
Atascosa County,Texas,69413
Austin County,Texas,75994
Bailey County,Texas,70625
Bandera County,Texas,69703
Bastrop County,Texas,82730
Baylor County,Texas,42313
Bee County,Texas,56075
Bell County,Texas,66051
Bexar County,Texas,70571
Blanco County,Texas,87564
Borden County,Texas,64250
Bosque County,Texas,69339
Bowie County,Texas,59295
Brazoria County,Texas,95155
Brazos County,Texas,58388
Brewster County,Texas,52612
Briscoe County,Texas,41188
Brooks County,Texas,31310
Brown County,Texas,55305
Burleson County,Texas,72888
Burnet County,Texas,77158
Caldwell County,Texas,68503
Calhoun County,Texas,71870
Callahan County,Texas,68455
Cameron County,Texas,51334
Camp County,Texas,55061
Carson County,Texas,84583
Cass County,Texas,54328
Castro County,Texas,63485
Chambers County,Texas,108114
Cherokee County,Texas,59830
Childress County,Texas,60333
Clay County,Texas,77355
Cochran County,Texas,42137
Coke County,Texas,46431
Coleman County,Texas,52364
Collin County,Texas,117588
Collingsworth County,Texas,60165
Colorado County,Texas,68554
Comal County,Texas,99015
Comanche County,Texas,59946
Concho County,Texas,59632
Cooke County,Texas,72472
Coryell County,Texas,68904
Cottle County,Texas,58819
Crane County,Texas,59915
Crockett County,Texas,81739
Crosby County,Texas,52197
Culberson County,Texas,42672
Dallam County,Texas,72332
Dallas County,Texas,74149
Dawson County,Texas,55789
Deaf Smith County,Texas,54114
Delta County,Texas,62855
Denton County,Texas,108185
DeWitt County,Texas,64014
Dickens County,Texas,50417
Dimmit County,Texas,33409
Donley County,Texas,56648
Duval County,Texas,50081
Eastland County,Texas,51741
Ector County,Texas,71031
Edwards County,Texas,38500
Ellis County,Texas,95898
El Paso County,Texas,58859
Erath County,Texas,65351
Falls County,Texas,55372
Fannin County,Texas,68377
Fayette County,Texas,76541
Fisher County,Texas,64700
Floyd County,Texas,55461
Foard County,Texas,42212
Fort Bend County,Texas,113409
Franklin County,Texas,66800
Freestone County,Texas,58460
Frio County,Texas,60098
Gaines County,Texas,76605
Galveston County,Texas,85348
Garza County,Texas,50545
Gillespie County,Texas,67799
Glasscock County,Texas,106806
Goliad County,Texas,59556
Gonzales County,Texas,59355
Gray County,Texas,56082
Grayson County,Texas,70455
Gregg County,Texas,64809
Grimes County,Texas,67080
Guadalupe County,Texas,93776
Hale County,Texas,52788
Hall County,Texas,46728
Hamilton County,Texas,55339
Hansford County,Texas,68299
Hardeman County,Texas,61179
Hardin County,Texas,72532
Harris County,Texas,73104
Harrison County,Texas,66040
Hartley County,Texas,82122
Haskell County,Texas,54044
Hays County,Texas,85827
Hemphill County,Texas,72052
Henderson County,Texas,63955
Hidalgo County,Texas,52281
Hill County,Texas,63147
Hockley County,Texas,54810
Hood County,Texas,86802
Hopkins County,Texas,64725
Houston County,Texas,54563
Howard County,Texas,71457
Hudspeth County,Texas,39336
Hunt County,Texas,70112
Hutchinson County,Texas,65470
Irion County,Texas,58125
Jack County,Texas,65693
Jackson County,Texas,61752
Jasper County,Texas,49919
Jeff Davis County,Texas,32625
Jefferson County,Texas,59934
Jim Hogg County,Texas,42230
Jim Wells County,Texas,47492
Johnson County,Texas,81826
Jones County,Texas,63472
Karnes County,Texas,59103
Kaufman County,Texas,88606
Kendall County,Texas,110498
Kenedy County,Texas,-
Kent County,Texas,71420
Kerr County,Texas,67927
Kimble County,Texas,65703
King County,Texas,70192
Kinney County,Texas,66341
Kleberg County,Texas,57612
Knox County,Texas,56304
Lamar County,Texas,61122
Lamb County,Texas,56997
Lampasas County,Texas,76919
La Salle County,Texas,55469
Lavaca County,Texas,61768
Lee County,Texas,66000
Leon County,Texas,59975
Liberty County,Texas,64773
Limestone County,Texas,58109
Lipscomb County,Texas,71442
Live Oak County,Texas,53869
Llano County,Texas,65636
Loving County,Texas,51087
Lubbock County,Texas,63367
Lynn County,Texas,57411
McCulloch County,Texas,51919
McLennan County,Texas,63888
McMullen County,Texas,45833
Madison County,Texas,67128
Marion County,Texas,47447
Martin County,Texas,77083
Mason County,Texas,68750
Matagorda County,Texas,55174
Maverick County,Texas,51270
Medina County,Texas,73462
Menard County,Texas,48191
Midland County,Texas,93984
Milam County,Texas,59076
Mills County,Texas,64494
Mitchell County,Texas,56033
Montague County,Texas,62818
Montgomery County,Texas,97266
Moore County,Texas,61325
Morris County,Texas,55082
Motley County,Texas,62857
Nacogdoches County,Texas,51528
Navarro County,Texas,59310
Newton County,Texas,41044
Nolan County,Texas,50160
Nueces County,Texas,66021
Ochiltree County,Texas,64988
Oldham County,Texas,76402
Orange County,Texas,73372
Palo Pinto County,Texas,64972
Panola County,Texas,62593
Parker County,Texas,102099
Parmer County,Texas,68164
Pecos County,Texas,67689
Polk County,Texas,59066
Potter County,Texas,50448
Presidio County,Texas,29014
Rains County,Texas,64874
Randall County,Texas,80905
Reagan County,Texas,70288
Real County,Texas,45417
Red River County,Texas,46912
Reeves County,Texas,56056
Refugio County,Texas,58016
Roberts County,Texas,66118
Robertson County,Texas,66250
Rockwall County,Texas,124917
Runnels County,Texas,63490
Rusk County,Texas,67506
Sabine County,Texas,59924
San Augustine County,Texas,46338
San Jacinto County,Texas,59526
San Patricio County,Texas,67512
San Saba County,Texas,54855
Schleicher County,Texas,90141
Scurry County,Texas,62689
Shackelford County,Texas,64659
Shelby County,Texas,50436
Sherman County,Texas,74167
Smith County,Texas,71923
Somervell County,Texas,83382
Starr County,Texas,38182
Stephens County,Texas,54695
Sterling County,Texas,78750
Stonewall County,Texas,61250
Sutton County,Texas,75000
Swisher County,Texas,39031
Tarrant County,Texas,81905
Taylor County,Texas,66406
Terrell County,Texas,46989
Terry County,Texas,45905
Throckmorton County,Texas,58864
Titus County,Texas,59220
Tom Green County,Texas,66254
Travis County,Texas,97169
Trinity County,Texas,51663
Tyler County,Texas,50647
Upshur County,Texas,62794
Upton County,Texas,52321
Uvalde County,Texas,57849
Val Verde County,Texas,59673
Van Zandt County,Texas,68274
Victoria County,Texas,70101
Walker County,Texas,49862
Waller County,Texas,76135
Ward County,Texas,71719
Washington County,Texas,75085
Webb County,Texas,62506
Wharton County,Texas,66100
Wheeler County,Texas,67964
Wichita County,Texas,62168
Wilbarger County,Texas,51626
Willacy County,Texas,45645
Williamson County,Texas,108309
Wilson County,Texas,92461
Winkler County,Texas,91898
Wise County,Texas,89897
Wood County,Texas,62524
Yoakum County,Texas,82261
Young County,Texas,63723
Zapata County,Texas,36527
Zavala County,Texas,41887
Beaver County,Utah,85603
Box Elder County,Utah,77865
Cache County,Utah,78292
Carbon County,Utah,53673
Daggett County,Utah,58750
Davis County,Utah,108058
Duchesne County,Utah,74738
Emery County,Utah,69956
Garfield County,Utah,61688
Grand County,Utah,62521
Iron County,Utah,65527
Juab County,Utah,89803
Kane County,Utah,75000
Millard County,Utah,70877
Morgan County,Utah,126092
Piute County,Utah,44650
Rich County,Utah,76875
Salt Lake County,Utah,94658
San Juan County,Utah,54890
Sanpete County,Utah,67459
Sevier County,Utah,73765
Summit County,Utah,137058
Tooele County,Utah,101846
Uintah County,Utah,69861
Utah County,Utah,96877
Wasatch County,Utah,115146
Washington County,Utah,76411
Wayne County,Utah,70074
Weber County,Utah,87083
Addison County,Vermont,88478
Bennington County,Vermont,71494
Caledonia County,Vermont,66075
Chittenden County,Vermont,94310
Essex County,Vermont,58985
Franklin County,Vermont,79078
Grand Isle County,Vermont,90625
Lamoille County,Vermont,69897
Orange County,Vermont,77328
Orleans County,Vermont,66426
Rutland County,Vermont,64778
Washington County,Vermont,79853
Windham County,Vermont,68021
Windsor County,Vermont,75247
Accomack County,Virginia,57500
Albemarle County,Virginia,102617
Alleghany County,Virginia,55160
Amelia County,Virginia,66339
Amherst County,Virginia,67298
Appomattox County,Virginia,62337
Arlington County,Virginia,140160
Augusta County,Virginia,79972
Bath County,Virginia,61709
Bedford County,Virginia,77644
Bland County,Virginia,61375
Botetourt County,Virginia,80467
Brunswick County,Virginia,52978
Buchanan County,Virginia,42216
Buckingham County,Virginia,59199
Campbell County,Virginia,62608
Caroline County,Virginia,86267
Carroll County,Virginia,52575
Charles City County,Virginia,70339
Charlotte County,Virginia,48892
Chesterfield County,Virginia,98910
Clarke County,Virginia,114185
Craig County,Virginia,67778
Culpeper County,Virginia,96098
Cumberland County,Virginia,57057
Dickenson County,Virginia,43831
Dinwiddie County,Virginia,83898
Essex County,Virginia,56481
Fairfax County,Virginia,150113
Fauquier County,Virginia,129495
Floyd County,Virginia,61401
Fluvanna County,Virginia,91959
Franklin County,Virginia,68348
Frederick County,Virginia,95603
Giles County,Virginia,64819
Gloucester County,Virginia,83689
Goochland County,Virginia,118695
Grayson County,Virginia,42864
Greene County,Virginia,85268
Greensville County,Virginia,56759
Halifax County,Virginia,49244
Hanover County,Virginia,109504
Henrico County,Virginia,86397
Henry County,Virginia,48445
Highland County,Virginia,62946
Isle of Wight County,Virginia,96118
James City County,Virginia,107046
King and Queen County,Virginia,72851
King George County,Virginia,110517
King William County,Virginia,85212
Lancaster County,Virginia,67169
Lee County,Virginia,42269
Loudoun County,Virginia,178707
Louisa County,Virginia,80343
Lunenburg County,Virginia,54460
Madison County,Virginia,82972
Mathews County,Virginia,75487
Mecklenburg County,Virginia,51691
Middlesex County,Virginia,74154
Montgomery County,Virginia,70769
Nelson County,Virginia,68525
New Kent County,Virginia,120125
Northampton County,Virginia,55933
Northumberland County,Virginia,69500
Nottoway County,Virginia,62161
Orange County,Virginia,94175
Page County,Virginia,59396
Patrick County,Virginia,50938
Pittsylvania County,Virginia,54115
Powhatan County,Virginia,110667
Prince Edward County,Virginia,55082
Prince George County,Virginia,88225
Prince William County,Virginia,128873
Pulaski County,Virginia,60767
Rappahannock County,Virginia,98125
Richmond County,Virginia,64184
Roanoke County,Virginia,82931
Rockbridge County,Virginia,63975
Rockingham County,Virginia,78468
Russell County,Virginia,49020
Scott County,Virginia,45136
Shenandoah County,Virginia,64437
Smyth County,Virginia,46859
Southampton County,Virginia,68465
Spotsylvania County,Virginia,109576
Stafford County,Virginia,133792
Surry County,Virginia,71458
Sussex County,Virginia,62821
Tazewell County,Virginia,45788
Warren County,Virginia,84331
Washington County,Virginia,62774
Westmoreland County,Virginia,59766
Wise County,Virginia,50740
Wythe County,Virginia,55359
York County,Virginia,108326
Alexandria city,Virginia,113638
Bristol city,Virginia,44706
Buena Vista city,Virginia,54458
Charlottesville city,Virginia,69829
Chesapeake city,Virginia,94189
Colonial Heights city,Virginia,76250
Covington city,Virginia,42724
Danville city,Virginia,42778
Emporia city,Virginia,49375
Fairfax city,Virginia,132774
Falls Church city,Virginia,154734
Franklin city,Virginia,65125
Fredericksburg city,Virginia,85368
Galax city,Virginia,41438
Hampton city,Virginia,67758
Harrisonburg city,Virginia,59752
Hopewell city,Virginia,48681
Lexington city,Virginia,89598
Lynchburg city,Virginia,59808
Manassas city,Virginia,117919
Manassas Park city,Virginia,100668
Martinsville city,Virginia,42434
Newport News city,Virginia,66718
Norfolk city,Virginia,64017
Norton city,Virginia,38497
Petersburg city,Virginia,50741
Poquoson city,Virginia,120919
Portsmouth city,Virginia,58972
Radford city,Virginia,52791
Richmond city,Virginia,62671
Roanoke city,Virginia,52671
Salem city,Virginia,66716
Staunton city,Virginia,62586
Suffolk city,Virginia,90089
Virginia Beach city,Virginia,90685
Waynesboro city,Virginia,56364
Williamsburg city,Virginia,70206
Winchester city,Virginia,64648
Adams County,Washington,65042
Asotin County,Washington,69107
Benton County,Washington,87316
Chelan County,Washington,78306
Clallam County,Washington,67999
Clark County,Washington,94948
Columbia County,Washington,71528
Cowlitz County,Washington,72932
Douglas County,Washington,80374
Ferry County,Washington,54650
Franklin County,Washington,82755
Garfield County,Washington,62411
Grant County,Washington,71115
Grays Harbor County,Washington,63539
Island County,Washington,88358
Jefferson County,Washington,71143
King County,Washington,122148
Kitsap County,Washington,98546
Kittitas County,Washington,69928
Klickitat County,Washington,70400
Lewis County,Washington,69690
Lincoln County,Washington,71227
Mason County,Washington,78359
Okanogan County,Washington,60293
Pacific County,Washington,62350
Pend Oreille County,Washington,63750
Pierce County,Washington,96632
San Juan County,Washington,83682
Skagit County,Washington,85474
Skamania County,Washington,90085
Snohomish County,Washington,107982
Spokane County,Washington,73513
Stevens County,Washington,67405
Thurston County,Washington,93985
Wahkiakum County,Washington,57091
Walla Walla County,Washington,72212
Whatcom County,Washington,80989
Whitman County,Washington,52893
Yakima County,Washington,68015
Barbour County,West Virginia,48347
Berkeley County,West Virginia,77329
Boone County,West Virginia,56152
Braxton County,West Virginia,44449
Brooke County,West Virginia,52116
Cabell County,West Virginia,52828
Calhoun County,West Virginia,41421
Clay County,West Virginia,42790
Doddridge County,West Virginia,61164
Fayette County,West Virginia,52672
Gilmer County,West Virginia,50991
Grant County,West Virginia,61530
Greenbrier County,West Virginia,48662
Hampshire County,West Virginia,60299
Hancock County,West Virginia,61017
Hardy County,West Virginia,49302
Harrison County,West Virginia,58326
Jackson County,West Virginia,55671
Jefferson County,West Virginia,95523
Kanawha County,West Virginia,58887
Lewis County,West Virginia,52279
Lincoln County,West Virginia,48593
Logan County,West Virginia,47237
McDowell County,West Virginia,29980
Marion County,West Virginia,67537
Marshall County,West Virginia,60329
Mason County,West Virginia,53454
Mercer County,West Virginia,47799
Mineral County,West Virginia,68049
Mingo County,West Virginia,39527
Monongalia County,West Virginia,62704
Monroe County,West Virginia,54508
Morgan County,West Virginia,63805
Nicholas County,West Virginia,49280
Ohio County,West Virginia,57867
Pendleton County,West Virginia,61738
Pleasants County,West Virginia,61038
Pocahontas County,West Virginia,41200
Preston County,West Virginia,61373
Putnam County,West Virginia,77871
Raleigh County,West Virginia,52055
Randolph County,West Virginia,55057
Ritchie County,West Virginia,50256
Roane County,West Virginia,45194
Summers County,West Virginia,42544
Taylor County,West Virginia,56807
Tucker County,West Virginia,53475
Tyler County,West Virginia,58293
Upshur County,West Virginia,51859
Wayne County,West Virginia,55539
Webster County,West Virginia,42061
Wetzel County,West Virginia,53341
Wirt County,West Virginia,54688
Wood County,West Virginia,56193
Wyoming County,West Virginia,48038
Adams County,Wisconsin,59153
Ashland County,Wisconsin,57645
Barron County,Wisconsin,64619
Bayfield County,Wisconsin,69609
Brown County,Wisconsin,77490
Buffalo County,Wisconsin,68722
Burnett County,Wisconsin,61664
Calumet County,Wisconsin,87700
Chippewa County,Wisconsin,74009
Clark County,Wisconsin,66250
Columbia County,Wisconsin,82792
Crawford County,Wisconsin,63496
Dane County,Wisconsin,88108
Dodge County,Wisconsin,73992
Door County,Wisconsin,71785
Douglas County,Wisconsin,72579
Dunn County,Wisconsin,71785
Eau Claire County,Wisconsin,71834
Florence County,Wisconsin,62786
Fond du Lac County,Wisconsin,73154
Forest County,Wisconsin,59727
Grant County,Wisconsin,64349
Green County,Wisconsin,80248
Green Lake County,Wisconsin,66917
Iowa County,Wisconsin,83372
Iron County,Wisconsin,59058
Jackson County,Wisconsin,65508
Jefferson County,Wisconsin,80604
Juneau County,Wisconsin,65150
Kenosha County,Wisconsin,79412
Kewaunee County,Wisconsin,80085
La Crosse County,Wisconsin,70704
Lafayette County,Wisconsin,72091
Langlade County,Wisconsin,57258
Lincoln County,Wisconsin,67726
Manitowoc County,Wisconsin,68611
Marathon County,Wisconsin,76185
Marinette County,Wisconsin,63401
Marquette County,Wisconsin,63471
Menominee County,Wisconsin,59528
Milwaukee County,Wisconsin,62118
Monroe County,Wisconsin,68213
Oconto County,Wisconsin,75886
Oneida County,Wisconsin,69621
Outagamie County,Wisconsin,82857
Ozaukee County,Wisconsin,96734
Pepin County,Wisconsin,74536
Pierce County,Wisconsin,88802
Polk County,Wisconsin,76208
Portage County,Wisconsin,73284
Price County,Wisconsin,58720
Racine County,Wisconsin,75331
Richland County,Wisconsin,62649
Rock County,Wisconsin,74390
Rusk County,Wisconsin,58322
St. Croix County,Wisconsin,102482
Sauk County,Wisconsin,77648
Sawyer County,Wisconsin,59055
Shawano County,Wisconsin,67032
Sheboygan County,Wisconsin,71898
Taylor County,Wisconsin,63142
Trempealeau County,Wisconsin,71295
Vernon County,Wisconsin,69556
Vilas County,Wisconsin,67132
Walworth County,Wisconsin,77359
Washburn County,Wisconsin,61270
Washington County,Wisconsin,95851
Waukesha County,Wisconsin,104100
Waupaca County,Wisconsin,71189
Waushara County,Wisconsin,64968
Winnebago County,Wisconsin,72873
Wood County,Wisconsin,66417
Albany County,Wyoming,59881
Big Horn County,Wyoming,60547
Campbell County,Wyoming,95253
Carbon County,Wyoming,66721
Converse County,Wyoming,79164
Crook County,Wyoming,71209
Fremont County,Wyoming,64646
Goshen County,Wyoming,64882
Hot Springs County,Wyoming,64375
Johnson County,Wyoming,63905
Laramie County,Wyoming,77884
Lincoln County,Wyoming,86092
Natrona County,Wyoming,71247
Niobrara County,Wyoming,48987
Park County,Wyoming,70533
Platte County,Wyoming,66299
Sheridan County,Wyoming,70855
Sublette County,Wyoming,82791
Sweetwater County,Wyoming,76464
Teton County,Wyoming,112681
Uinta County,Wyoming,82672
Washakie County,Wyoming,62648
Weston County,Wyoming,87545
Adjuntas Municipio,Puerto Rico,18605
Aguada Municipio,Puerto Rico,21694
Aguadilla Municipio,Puerto Rico,19826
Aguas Buenas Municipio,Puerto Rico,22361
Aibonito Municipio,Puerto Rico,21714
Añasco Municipio,Puerto Rico,23591
Arecibo Municipio,Puerto Rico,23175
Arroyo Municipio,Puerto Rico,18931
Barceloneta Municipio,Puerto Rico,21750
Barranquitas Municipio,Puerto Rico,22167
Bayamón Municipio,Puerto Rico,30729
Cabo Rojo Municipio,Puerto Rico,25720
Caguas Municipio,Puerto Rico,30113
Camuy Municipio,Puerto Rico,26094
Canóvanas Municipio,Puerto Rico,27278
Carolina Municipio,Puerto Rico,35126
Cataño Municipio,Puerto Rico,24307
Cayey Municipio,Puerto Rico,28461
Ceiba Municipio,Puerto Rico,23204
Ciales Municipio,Puerto Rico,20614
Cidra Municipio,Puerto Rico,27149
Coamo Municipio,Puerto Rico,20797
Comerío Municipio,Puerto Rico,17254
Corozal Municipio,Puerto Rico,23933
Culebra Municipio,Puerto Rico,27614
Dorado Municipio,Puerto Rico,33388
Fajardo Municipio,Puerto Rico,25170
Florida Municipio,Puerto Rico,21213
Guánica Municipio,Puerto Rico,16210
Guayama Municipio,Puerto Rico,20273
Guayanilla Municipio,Puerto Rico,21400
Guaynabo Municipio,Puerto Rico,46048
Gurabo Municipio,Puerto Rico,39532
Hatillo Municipio,Puerto Rico,28001
Hormigueros Municipio,Puerto Rico,24862
Humacao Municipio,Puerto Rico,26083
Isabela Municipio,Puerto Rico,20484
Jayuya Municipio,Puerto Rico,18413
Juana Díaz Municipio,Puerto Rico,23823
Juncos Municipio,Puerto Rico,28196
Lajas Municipio,Puerto Rico,18920
Lares Municipio,Puerto Rico,19323
Las Marías Municipio,Puerto Rico,16170
Las Piedras Municipio,Puerto Rico,25697
Loíza Municipio,Puerto Rico,22500
Luquillo Municipio,Puerto Rico,23769
Manatí Municipio,Puerto Rico,20352
Maricao Municipio,Puerto Rico,20541
Maunabo Municipio,Puerto Rico,19363
Mayagüez Municipio,Puerto Rico,17963
Moca Municipio,Puerto Rico,21415
Morovis Municipio,Puerto Rico,23010
Naguabo Municipio,Puerto Rico,21416
Naranjito Municipio,Puerto Rico,21399
Orocovis Municipio,Puerto Rico,19062
Patillas Municipio,Puerto Rico,23422
Peñuelas Municipio,Puerto Rico,20959
Ponce Municipio,Puerto Rico,18827
Quebradillas Municipio,Puerto Rico,23624
Rincón Municipio,Puerto Rico,25223
Río Grande Municipio,Puerto Rico,26745
Sabana Grande Municipio,Puerto Rico,20564
Salinas Municipio,Puerto Rico,21611
San Germán Municipio,Puerto Rico,17921
San Juan Municipio,Puerto Rico,26981
San Lorenzo Municipio,Puerto Rico,21320
San Sebastián Municipio,Puerto Rico,17834
Santa Isabel Municipio,Puerto Rico,23197
Toa Alta Municipio,Puerto Rico,33349
Toa Baja Municipio,Puerto Rico,29648
Trujillo Alto Municipio,Puerto Rico,38773
Utuado Municipio,Puerto Rico,17624
Vega Alta Municipio,Puerto Rico,25235
Vega Baja Municipio,Puerto Rico,23877
Vieques Municipio,Puerto Rico,17531
Villalba Municipio,Puerto Rico,24882
Yabucoa Municipio,Puerto Rico,21279
Yauco Municipio,Puerto Rico,21918
