county_name,state,mobility_rate
Morris County,NJ,0.4381
DuPage County,IL,0.3664
Fairfield County,CT,0.3506
Shelby County,AL,0.2784
Greenlee County,AZ,0.2156
Kenai Peninsula Borough,AK,0.2032
Anchorage Municipality,AK,0.2002
Benton County,AR,0.1994
Juneau City and Borough,AK,0.1987
Baldwin County,AL,0.1935
Madison County,AL,0.188
Maricopa County,AZ,0.1879
Lee County,AL,0.1866
Fairbanks North Star Borough,AK,0.1848
Lauderdale County,AL,0.1844
Covington County,AL,0.1791
Yavapai County,AZ,0.1786
Morgan County,AL,0.1748
Coconino County,AZ,0.173
Matanuska-Susitna Borough,AK,0.1725
Coffee County,AL,0.1702
Ketchikan Gateway Borough,AK,0.1657
Lamar County,AL,0.1656
Colbert County,AL,0.1648
Choctaw County,AL,0.164
Jefferson County,AL,0.1636
Fayette County,AL,0.1632
Walker County,AL,0.1631
Boone County,AR,0.162
Autauga County,AL,0.1597
Tuscaloosa County,AL,0.1581
Pima County,AZ,0.1578
Franklin County,AL,0.1577
Clarke County,AL,0.1568
Limestone County,AL,0.1565
Elmore County,AL,0.1552
Washington County,AL,0.1551
Gila County,AZ,0.1538
Baxter County,AR,0.1534
Clark County,AR,0.1531
Cochise County,AZ,0.1526
Lawrence County,AL,0.1522
Houston County,AL,0.1509
Ashley County,AR,0.1505
Cleburne County,AL,0.1502
Cullman County,AL,0.1482
Marshall County,AL,0.1482
Mobile County,AL,0.1481
Blount County,AL,0.1474
Marion County,AL,0.1468
Kodiak Island Borough,AK,0.1467
Monroe County,AL,0.1464
Jackson County,AL,0.1462
Mohave County,AZ,0.1461
St. Clair County,AL,0.1442
Chilton County,AL,0.1424
Winston County,AL,0.1409
Navajo County,AZ,0.1384
Bibb County,AL,0.138
Graham County,AZ,0.1379
Montgomery County,AL,0.1375
Marengo County,AL,0.1368
Bradley County,AR,0.1361
Arkansas County,AR,0.1359
Dale County,AL,0.1355
Etowah County,AL,0.1354
Geneva County,AL,0.1354
Escambia County,AL,0.1333
Tallapoosa County,AL,0.1327
Cherokee County,AL,0.1286
DeKalb County,AL,0.1269
Carroll County,AR,0.1263
Calhoun County,AL,0.1253
Clay County,AR,0.1252
Yuma County,AZ,0.1247
Crenshaw County,AL,0.1217
Pike County,AL,0.1187
Henry County,AL,0.1184
Barbour County,AL,0.1172
Randolph County,AL,0.117
Pinal County,AZ,0.1162
Clay County,AL,0.1146
Talladega County,AL,0.1142
Pickens County,AL,0.1131
La Paz County,AZ,0.1122
Butler County,AL,0.1004
Dallas County,AL,0.0983
Santa Cruz County,AZ,0.0972
Conecuh County,AL,0.0968
Wilcox County,AL,0.0901
Chicot County,AR,0.0882
Coosa County,AL,0.0871
Chambers County,AL,0.084
Hale County,AL,0.0815
Russell County,AL,0.0784
Apache County,AZ,0.0675
Bullock County,AL,0.0642
Sumter County,AL,0.0596
Greene County,AL,0.054
Perry County,AL,0.0527
Macon County,AL,0.0513
Northwest Arctic Borough,AK,0.0512
Lowndes County,AL,0.0476
Bethel Census Area,AK,0.0382
,,
Williams County,ND,0.4273
Stark County,ND,0.4239
Nassau County,NY,0.421
Putnam County,NY,0.4004
Rockland County,NY,0.3798
Westchester County,NY,0.3717
Richmond County,NY,0.3699
Bottineau County,ND,0.365
Montgomery County,PA,0.3642
Traill County,ND,0.3611
Chester County,PA,0.3602
Burleigh County,ND,0.3469
Bucks County,PA,0.3454
Suffolk County,NY,0.3442
Richland County,ND,0.3424
Morton County,ND,0.3378
Lavaca County,TX,0.3374
Bristol County,RI,0.3307
Collin County,TX,0.3278
Chambers County,TX,0.3263
Ward County,ND,0.3193
Delaware County,PA,0.318
Walsh County,ND,0.3168
Andrews County,TX,0.3118
Midland County,TX,0.3096
Cass County,ND,0.3058
Summit County,UT,0.3048
Williamson County,TN,0.3024
Archer County,TX,0.2975
Reagan County,TX,0.2971
Yoakum County,TX,0.2959
Saratoga County,NY,0.2952
Delaware County,OH,0.2947
Uintah County,UT,0.2946
Kingfisher County,OK,0.2939
Fort Bend County,TX,0.2935
Crane County,TX,0.2934
Washington County,PA,0.2933
Hughes County,SD,0.2929
Stutsman County,ND,0.2927
Montgomery County,TX,0.289
Grand Forks County,ND,0.2889
Rockwall County,TX,0.2878
Washington County,RI,0.2866
Union County,SD,0.285
Schenectady County,NY,0.2838
Ochiltree County,TX,0.2838
Westmoreland County,PA,0.283
Ward County,TX,0.283
Mercer County,OH,0.2825
Geauga County,OH,0.2824
Lehigh County,PA,0.2819
Ramsey County,ND,0.2812
Kendall County,TX,0.2809
Butler County,PA,0.2787
Lincoln County,SD,0.2783
Grant County,SD,0.2782
Allegheny County,PA,0.2781
Montour County,PA,0.278
Fayette County,TX,0.2778
Austin County,TX,0.2777
Kent County,RI,0.2771
Orange County,NY,0.2769
Chittenden County,VT,0.2756
Hardin County,TX,0.2748
Brookings County,SD,0.2744
Major County,OK,0.2739
Hutchinson County,TX,0.2732
Putnam County,OH,0.273
Northampton County,PA,0.2727
Randall County,TX,0.2721
Brown County,SD,0.2715
Winkler County,TX,0.271
Barnes County,ND,0.2709
Indiana County,PA,0.2701
Brazoria County,TX,0.2695
Beckham County,OK,0.2688
Cumberland County,PA,0.268
Spink County,SD,0.2676
Denton County,TX,0.2671
Newport County,RI,0.2634
Rensselaer County,NY,0.2626
Hansford County,TX,0.262
Centre County,PA,0.2611
Greene County,PA,0.2608
Gaines County,TX,0.2604
Walworth County,SD,0.2603
Washita County,OK,0.26
Berks County,PA,0.2599
Orange County,NC,0.2598
Lawrence County,SD,0.2592
Live Oak County,TX,0.2587
Davison County,SD,0.2586
Turner County,SD,0.2586
Wake County,NC,0.2579
Woodward County,OK,0.2568
Cambria County,PA,0.2555
Onondaga County,NY,0.2552
Lake County,SD,0.2548
Yankton County,SD,0.2523
Orange County,TX,0.2522
Williamson County,TX,0.2517
Woods County,OK,0.2516
Day County,SD,0.2516
Tripp County,SD,0.2516
Lackawanna County,PA,0.2512
Ector County,TX,0.2511
Leon County,TX,0.2509
Wood County,OH,0.2508
Luzerne County,PA,0.25
Washington County,OR,0.2494
Benton County,OR,0.2489
Custer County,OK,0.2487
Warren County,OH,0.2483
Beaver County,PA,0.2482
Hutchinson County,SD,0.248
Gray County,TX,0.2479
Ulster County,NY,0.2476
Queens County,NY,0.2472
Wyoming County,PA,0.2465
Monroe County,NY,0.2462
Clackamas County,OR,0.2461
Pike County,PA,0.246
Minnehaha County,SD,0.2458
Calhoun County,TX,0.2456
Canadian County,OK,0.2455
Gillespie County,TX,0.2453
Scurry County,TX,0.2448
Washington County,TX,0.2448
Panola County,TX,0.2447
Duchesne County,UT,0.2443
Jack County,TX,0.2441
Elk County,PA,0.2437
Ontario County,NY,0.2436
Lee County,TX,0.2435
York County,PA,0.2431
Armstrong County,PA,0.2423
DeWitt County,TX,0.2421
Auglaize County,OH,0.2418
Washington County,OK,0.2412
Clay County,SD,0.2407
Warren County,NY,0.2406
Codington County,SD,0.2396
Lake County,OH,0.2395
Providence County,RI,0.2392
Jackson County,TX,0.2391
Medina County,OH,0.2383
Galveston County,TX,0.238
Davis County,UT,0.2379
Refugio County,TX,0.2377
Freestone County,TX,0.2357
Hockley County,TX,0.2355
Colorado County,TX,0.2354
Clarion County,PA,0.2352
Comal County,TX,0.2349
Wise County,TX,0.234
Carbon County,UT,0.2336
Schuylkill County,PA,0.2335
Parker County,TX,0.2332
Washington County,VT,0.2331
Oneida County,NY,0.232
Mitchell County,TX,0.2314
Victoria County,TX,0.2313
Tompkins County,NY,0.2309
Cleveland County,OK,0.2307
Carbon County,PA,0.2302
Jefferson County,OK,0.2295
Lancaster County,PA,0.2292
Adams County,PA,0.2287
Wasatch County,UT,0.2286
Hamilton County,OH,0.2285
Belmont County,OH,0.2273
Beadle County,SD,0.2264
Windsor County,VT,0.2263
Utah County,UT,0.226
Moody County,SD,0.2258
Columbia County,PA,0.2257
Young County,TX,0.2256
Lebanon County,PA,0.2253
Burleson County,TX,0.2248
Matagorda County,TX,0.2246
Lawrence County,PA,0.2245
Roberts County,SD,0.224
Potter County,PA,0.2238
Pecos County,TX,0.2229
Blaine County,OK,0.2227
Harris County,TX,0.2227
Custer County,SD,0.2222
Clay County,TX,0.2222
Bradford County,PA,0.2219
Cooke County,TX,0.2219
Ottawa County,OH,0.2214
Stephens County,OK,0.2212
Fairfield County,OH,0.221
Union County,PA,0.2208
Wilson County,TX,0.2208
Salt Lake County,UT,0.2208
Rutland County,VT,0.2206
Butler County,OH,0.2205
Hood County,TX,0.2197
Madison County,NY,0.2192
Fayette County,PA,0.2191
Brazos County,TX,0.2189
Fall River County,SD,0.2185
Payne County,OK,0.2183
Hamilton County,TX,0.2178
Hancock County,OH,0.2177
Bon Homme County,SD,0.2177
Dauphin County,PA,0.2175
Montague County,TX,0.2175
Monroe County,PA,0.2173
Butte County,SD,0.2169
Liberty County,TX,0.2163
Livingston County,NY,0.2155
Howard County,TX,0.2146
Waller County,TX,0.2145
Greene County,OH,0.2144
Texas County,OK,0.2144
Jefferson County,TX,0.2139
Zapata County,TX,0.213
Union County,OH,0.2125
Mercer County,PA,0.2123
Lewis County,NY,0.2122
Wayne County,PA,0.2121
Moore County,TN,0.2118
Erie County,PA,0.2114
Henry County,OH,0.2113
Tarrant County,TX,0.2112
Sullivan County,NY,0.2111
Tulsa County,OK,0.211
Niagara County,NY,0.2107
Brewster County,TX,0.2106
Otsego County,NY,0.2105
Hays County,TX,0.2103
Wharton County,TX,0.2098
Shelby County,OH,0.2095
Seneca County,NY,0.2088
St. Lawrence County,NY,0.2083
Oswego County,NY,0.2081
Miami County,OH,0.208
Gregg County,TX,0.208
Montgomery County,NY,0.2079
Garfield County,OK,0.2078
Ellis County,TX,0.2076
Clermont County,OH,0.2074
Morrow County,OR,0.2074
Pennington County,SD,0.2073
Cuyahoga County,OH,0.2071
McClain County,OK,0.2071
Franklin County,PA,0.2065
Perry County,PA,0.2064
Charles Mix County,SD,0.2063
Rogers County,OK,0.2059
McKean County,PA,0.2059
Travis County,TX,0.2057
Steuben County,NY,0.2055
Tioga County,NY,0.2053
Mahoning County,OH,0.2051
Monroe County,OH,0.205
Grady County,OK,0.205
Lycoming County,PA,0.205
Blair County,PA,0.2049
Karnes County,TX,0.2048
Millard County,UT,0.2046
Somerset County,PA,0.2043
Susquehanna County,PA,0.2042
Cache County,UT,0.2042
Moore County,TX,0.2041
Callahan County,TX,0.203
Northumberland County,PA,0.2029
Summit County,OH,0.2027
Wyoming County,NY,0.2026
Kay County,OK,0.202
Crawford County,PA,0.202
Addison County,VT,0.2019
Tioga County,PA,0.2018
Duval County,TX,0.2012
Herkimer County,NY,0.201
Mecklenburg County,NC,0.2009
Franklin County,VT,0.2008
Jefferson County,PA,0.2003
Defiance County,OH,0.2
Noble County,OK,0.1999
Erath County,TX,0.1997
Erie County,OH,0.1996
San Juan County,UT,0.199
San Patricio County,TX,0.1987
Fulton County,OH,0.1985
Logan County,OK,0.1985
Johnson County,TX,0.1984
Lake County,OR,0.1981
Jim Wells County,TX,0.1973
Clearfield County,PA,0.1972
Aransas County,TX,0.1972
Schoharie County,NY,0.1968
Washington County,OH,0.1965
Murray County,OK,0.1962
Bennington County,VT,0.1961
Box Elder County,UT,0.1959
Jefferson County,NY,0.1958
Eastland County,TX,0.1957
Wayne County,NY,0.1953
Jefferson County,OH,0.1953
Reeves County,TX,0.1952
Van Wert County,OH,0.1951
Parmer County,TX,0.1943
Walker County,TX,0.1934
Washington County,NY,0.1932
Franklin County,OH,0.1931
Stark County,OH,0.1929
Milam County,TX,0.1929
Smith County,TX,0.1917
Paulding County,OH,0.1914
Tuscarawas County,OH,0.1914
Lexington County,SC,0.1913
Wagoner County,OK,0.1912
Lane County,OR,0.1912
Windham County,VT,0.191
Deschutes County,OR,0.1907
Davie County,NC,0.1904
Kerr County,TX,0.1903
Portage County,OH,0.1901
Sumner County,TN,0.1898
Wilson County,TN,0.1898
Johnston County,OK,0.1897
Multnomah County,OR,0.1897
Wyandot County,OH,0.1895
Rusk County,TX,0.1895
Snyder County,PA,0.1893
Pontotoc County,OK,0.189
Lucas County,OH,0.1889
Noble County,OH,0.1888
Wichita County,TX,0.1886
Harrison County,OH,0.1883
Meade County,SD,0.1883
Kleberg County,TX,0.1881
Washington County,UT,0.1877
Darke County,OH,0.1876
Weber County,UT,0.1876
Latimer County,OK,0.1874
Klamath County,OR,0.1872
Newton County,TX,0.1869
Columbia County,OR,0.1867
Terry County,TX,0.1867
Taylor County,TX,0.1865
Wood County,TX,0.1861
New York County,NY,0.1859
Burnet County,TX,0.1859
Seneca County,OH,0.1856
Polk County,OR,0.1856
Clinton County,PA,0.1853
Bailey County,TX,0.1853
Allen County,OH,0.1847
Huntingdon County,PA,0.1847
Warren County,PA,0.1845
Lubbock County,TX,0.1844
Oklahoma County,OK,0.1843
Tooele County,UT,0.1843
Love County,OK,0.184
Medina County,TX,0.184
Sanpete County,UT,0.1836
Sevier County,UT,0.1836
New Hanover County,NC,0.1833
Bedford County,PA,0.1833
Dawson County,TX,0.1828
Wasco County,OR,0.1826
Venango County,PA,0.1822
Rains County,TX,0.1821
Carter County,OK,0.182
Juniata County,PA,0.182
Sandusky County,OH,0.1818
Clatsop County,OR,0.1818
Grand County,UT,0.1817
Comanche County,TX,0.1812
Orange County,VT,0.1812
Atascosa County,TX,0.1811
Bandera County,TX,0.1811
Forsyth County,NC,0.1806
Ashland County,OH,0.1802
Floyd County,TX,0.1801
Yamhill County,OR,0.1798
Creek County,OK,0.1797
Greenville County,SC,0.1797
Wayne County,OH,0.1793
Trumbull County,OH,0.1792
Bosque County,TX,0.1789
Sabine County,TX,0.1788
Watauga County,NC,0.178
Iron County,UT,0.1779
Upshur County,TX,0.1778
Garvin County,OK,0.1777
Llano County,TX,0.1777
Union County,NC,0.1776
Knox County,TN,0.1776
Coleman County,TX,0.1776
Greer County,OK,0.1775
Guilford County,NC,0.1774
Grayson County,TX,0.1773
Nueces County,TX,0.1773
Brown County,TX,0.1772
Yates County,NY,0.1768
Guadalupe County,TX,0.1767
Marion County,OR,0.1766
Wallowa County,OR,0.1764
Fulton County,PA,0.1763
Juab County,UT,0.1762
Union County,OR,0.1757
Van Zandt County,TX,0.1757
Humphreys County,TN,0.1755
Childress County,TX,0.1754
Beaufort County,SC,0.1753
Moore County,NC,0.1752
Lorain County,OH,0.1752
Haskell County,TX,0.1752
Pickaway County,OH,0.1751
Jasper County,TX,0.175
Nowata County,OK,0.1748
Grant County,OR,0.1748
Kaufman County,TX,0.1743
Aiken County,SC,0.1742
Runnels County,TX,0.1742
Williams County,OH,0.1741
Harney County,OR,0.174
Lamoille County,VT,0.1736
Knox County,OH,0.1734
Brooks County,TX,0.1732
Umatilla County,OR,0.1731
Tom Green County,TX,0.1729
Cabarrus County,NC,0.1725
Caledonia County,VT,0.1723
Durham County,NC,0.1721
Shelby County,TX,0.1715
Montgomery County,OH,0.1712
Kings County,NY,0.1711
Dallas County,TX,0.171
Palo Pinto County,TX,0.1707
Hopkins County,TX,0.1703
Harrison County,TX,0.1701
Hill County,TX,0.1701
Limestone County,TX,0.17
Linn County,OR,0.1699
Hood River County,OR,0.1698
Jackson County,OR,0.1698
Franklin County,TX,0.1697
Orleans County,NY,0.1696
Pitt County,NC,0.1696
Columbiana County,OH,0.1696
Athens County,OH,0.1691
Dorchester County,SC,0.1688
Mifflin County,PA,0.1686
Polk County,TX,0.1685
Angelina County,TX,0.1683
Hunt County,TX,0.1683
Baker County,OR,0.168
Tyler County,TX,0.1674
Hamilton County,TN,0.1672
Huron County,OH,0.1671
Hardeman County,TX,0.1671
Sullivan County,TN,0.167
Henderson County,NC,0.1663
Pawnee County,OK,0.1661
Anderson County,TX,0.1661
Henderson County,TX,0.166
Carteret County,NC,0.1659
Logan County,OH,0.1654
Licking County,OH,0.1653
Pamlico County,NC,0.165
Stanly County,NC,0.165
Bowie County,TX,0.1649
Pittsburg County,OK,0.1648
Lampasas County,TX,0.1646
Lamb County,TX,0.1644
Curry County,OR,0.1643
Kane County,UT,0.1642
Marion County,OH,0.1641
McLennan County,TX,0.1637
San Saba County,TX,0.1637
Osage County,OK,0.1631
Crawford County,OH,0.163
Rutherford County,TN,0.163
Nacogdoches County,TX,0.1628
Jackson County,OK,0.1626
Cass County,TX,0.1626
Lincoln County,TN,0.1625
Grimes County,TX,0.1625
Camden County,NC,0.1624
Alamance County,NC,0.1623
Bee County,TX,0.1623
Dare County,NC,0.162
Philadelphia County,PA,0.1619
Cameron County,PA,0.1616
Lincoln County,OK,0.1615
Mayes County,OK,0.1614
Orleans County,VT,0.1614
Carroll County,OH,0.1611
Wilbarger County,TX,0.1611
Stephens County,TX,0.161
Dallam County,TX,0.1608
Morris County,TX,0.1608
Bryan County,OK,0.1607
Crosby County,TX,0.1606
Hardin County,OH,0.1605
Muskingum County,OH,0.1605
Lincoln County,OR,0.1604
Yadkin County,NC,0.1598
York County,SC,0.1597
Catawba County,NC,0.159
Schuyler County,NY,0.1586
Le Flore County,OK,0.1586
Buncombe County,NC,0.1582
Richland County,OH,0.1582
Navarro County,TX,0.1579
San Jacinto County,TX,0.1579
Tillamook County,OR,0.157
Douglas County,OR,0.1567
Roane County,TN,0.1567
Crook County,OR,0.1565
Coos County,OR,0.1555
Lincoln County,NC,0.1553
Morrow County,OH,0.1552
Champaign County,OH,0.1551
Kiowa County,OK,0.155
Franklin County,TN,0.1547
Josephine County,OR,0.1546
Chatham County,NC,0.1544
Jim Hogg County,TX,0.1544
Nash County,NC,0.1541
Haskell County,OK,0.1534
Camp County,TX,0.1533
Oconee County,SC,0.1532
Currituck County,NC,0.153
Coal County,OK,0.153
Gonzales County,TX,0.1528
Bastrop County,TX,0.1526
Cherokee County,TX,0.152
Bexar County,TX,0.1517
Trinity County,TX,0.1515
Clark County,OH,0.1514
Muskogee County,OK,0.1514
Hughes County,OK,0.1512
Atoka County,OK,0.1508
Maury County,TN,0.1507
Madison County,TN,0.1505
Robertson County,TN,0.1505
Wilkes County,NC,0.1501
Lamar County,TX,0.1501
Charleston County,SC,0.15
Gallia County,OH,0.1495
Guernsey County,OH,0.1495
Bell County,TX,0.1495
Johnston County,NC,0.149
Chowan County,NC,0.1489
Spartanburg County,SC,0.1488
Jones County,TX,0.1488
Nolan County,TX,0.1488
Madison County,OH,0.1487
Deaf Smith County,TX,0.1483
Polk County,NC,0.1478
Pottawatomie County,OK,0.1478
Castro County,TX,0.1478
Clinton County,OH,0.1477
Iredell County,NC,0.1476
Marshall County,OK,0.1471
Putnam County,TN,0.1468
Comanche County,OK,0.1466
McCulloch County,TX,0.1465
Preble County,OH,0.1464
Val Verde County,TX,0.146
Craven County,NC,0.1458
Morgan County,OH,0.145
Washington County,TN,0.1449
Scioto County,OH,0.1448
Craig County,OK,0.1446
Beaufort County,NC,0.1445
Ashtabula County,OH,0.1441
Fannin County,TX,0.1441
Dyer County,TN,0.1438
Caddo County,OK,0.1435
Ross County,OH,0.1433
Pickens County,SC,0.1428
Uvalde County,TX,0.1428
Surry County,NC,0.1426
Clay County,NC,0.1425
Lee County,NC,0.1424
Weakley County,TN,0.1424
Lynn County,TX,0.142
Jefferson County,OR,0.1415
Richland County,SC,0.1414
Ottawa County,OK,0.1413
Newberry County,SC,0.141
Robertson County,TX,0.141
Okmulgee County,OK,0.1409
Cochran County,TX,0.1408
Transylvania County,NC,0.1404
Stokes County,NC,0.1402
Coshocton County,OH,0.1401
Falls County,TX,0.1401
Haywood County,NC,0.1396
Smith County,TN,0.1395
Loudon County,TN,0.1392
Georgetown County,SC,0.1391
Swisher County,TX,0.139
Marshall County,TN,0.1388
Adams County,OH,0.1387
Gaston County,NC,0.1384
Rowan County,NC,0.1384
Jones County,NC,0.1383
Wilson County,NC,0.1382
Garza County,TX,0.1382
Lawrence County,OH,0.138
Anderson County,SC,0.1371
Titus County,TX,0.137
Houston County,TX,0.1364
Meigs County,OH,0.1355
Shelby County,TN,0.1353
Cotton County,OK,0.1349
Florence County,SC,0.1343
Montgomery County,TN,0.1341
Malheur County,OR,0.134
Pushmataha County,OK,0.1339
Davidson County,NC,0.1333
Hardin County,TN,0.1332
Jackson County,NC,0.1325
Horry County,SC,0.1322
Granville County,NC,0.1319
Holmes County,OH,0.1318
Perry County,OH,0.1315
Potter County,TX,0.1315
Cherokee County,OK,0.1314
Coryell County,TX,0.1314
El Paso County,TX,0.1314
Hale County,TX,0.131
Madison County,TX,0.1309
Giles County,TN,0.1308
Macon County,NC,0.1305
Berkeley County,SC,0.13
Kershaw County,SC,0.13
Morgan County,TN,0.1299
Red River County,TX,0.1299
Avery County,NC,0.1294
McMinn County,TN,0.1293
Randolph County,NC,0.1292
Rolette County,ND,0.1289
Unicoi County,TN,0.1286
Sampson County,NC,0.1282
Wayne County,NC,0.128
Tillman County,OK,0.1278
Marion County,TN,0.1278
Webb County,TX,0.1276
Stewart County,TN,0.1273
Person County,NC,0.1272
Henry County,TN,0.1272
Highland County,OH,0.1265
Brown County,OH,0.1262
Tipton County,TN,0.1261
Obion County,TN,0.126
Hamblen County,TN,0.1259
Rockingham County,NC,0.1257
Pasquotank County,NC,0.1253
Mitchell County,NC,0.1251
Sequoyah County,OK,0.1251
Starr County,TX,0.1246
Lawrence County,TN,0.1242
Cleveland County,NC,0.1241
Hidalgo County,TX,0.1241
Harnett County,NC,0.124
McNairy County,TN,0.124
Delaware County,OK,0.1239
Alexander County,NC,0.1237
Maverick County,TX,0.1236
Perquimans County,NC,0.1235
Onslow County,NC,0.123
Jefferson County,TN,0.1226
Presidio County,TX,0.1225
Yancey County,NC,0.122
Gibson County,TN,0.122
White County,TN,0.122
Seminole County,OK,0.1216
Darlington County,SC,0.1216
Perry County,TN,0.1216
Jackson County,OH,0.1208
Trousdale County,TN,0.1206
Meigs County,TN,0.1193
Rhea County,TN,0.1192
Franklin County,NC,0.1188
Alleghany County,NC,0.1185
Burke County,NC,0.1185
Marion County,TX,0.1185
Houston County,TN,0.1183
Cameron County,TX,0.1181
Frio County,TX,0.118
Hocking County,OH,0.1179
Caldwell County,TX,0.1179
Dimmit County,TX,0.1178
Brunswick County,NC,0.1174
La Salle County,TX,0.1174
Greene County,NC,0.1173
Edgefield County,SC,0.1171
Jackson County,TN,0.117
McIntosh County,OK,0.1163
Lewis County,TN,0.1162
Warren County,TN,0.1162
Fayette County,OH,0.1161
Henderson County,TN,0.1161
Okfuskee County,OK,0.1158
Richmond County,NC,0.1153
Pike County,OH,0.1152
McCurtain County,OK,0.1149
Saluda County,SC,0.1148
Sumter County,SC,0.1148
Wayne County,TN,0.1148
Caldwell County,NC,0.1147
Cumberland County,NC,0.1147
Bertie County,NC,0.114
Overton County,TN,0.1139
McDowell County,NC,0.1135
Fayette County,TN,0.1135
Sevier County,TN,0.1133
Caswell County,NC,0.1131
Duplin County,NC,0.1126
Greenwood County,SC,0.1126
Rutherford County,NC,0.1124
Choctaw County,OK,0.1115
Pender County,NC,0.1107
Cherokee County,NC,0.1104
Washington County,NC,0.1103
Polk County,TN,0.1102
Monroe County,TN,0.1094
Hawkins County,TN,0.1088
Lenoir County,NC,0.1086
Barnwell County,SC,0.1086
Lancaster County,SC,0.1079
Vinton County,OH,0.1078
Sequatchie County,TN,0.1075
San Augustine County,TX,0.1072
Martin County,NC,0.1067
Calhoun County,SC,0.1056
Chesterfield County,SC,0.1055
Halifax County,NC,0.105
Columbus County,NC,0.1049
Clarendon County,SC,0.1046
Hickman County,TN,0.1045
Cherokee County,SC,0.1042
Laurens County,SC,0.1041
Lauderdale County,TN,0.1039
Hertford County,NC,0.1038
Grainger County,TN,0.1037
Bladen County,NC,0.1032
Macon County,TN,0.1031
Swain County,NC,0.1015
Northampton County,NC,0.1013
Hampton County,SC,0.1012
Montgomery County,NC,0.101
Ashe County,NC,0.1003
Willacy County,TX,0.0995
Zavala County,TX,0.0989
Orangeburg County,SC,0.0984
Hancock County,TN,0.0981
Kimble County,TX,0.0978
Vance County,NC,0.0977
Abbeville County,SC,0.0977
Colleton County,SC,0.0976
Greene County,TN,0.0946
Anson County,NC,0.0944
Madison County,NC,0.0927
Union County,TN,0.0917
Warren County,NC,0.0886
Scotland County,NC,0.0884
Fentress County,TN,0.0858
Chester County,SC,0.0842
Haywood County,TN,0.084
Fairfield County,SC,0.0835
Hardeman County,TN,0.0825
McCormick County,SC,0.082
Union County,SC,0.0808
Scott County,TN,0.0808
Dillon County,SC,0.08
Robeson County,NC,0.0782
Bamberg County,SC,0.0769
Edgecombe County,NC,0.0762
Williamsburg County,SC,0.0747
Van Buren County,TN,0.0743
Adair County,OK,0.0716
Jasper County,SC,0.0707
Marion County,SC,0.07
Lake County,TN,0.0686
Johnson County,TN,0.0682
Grundy County,TN,0.0659
Marlboro County,SC,0.0618
Lee County,SC,0.0614
Allendale County,SC,0.04
,,
Burke County,ND,0.4572
Fairfax County,VA,0.3916
Loudoun County,VA,0.3543
Fairfax city,VA,0.3176
Poquoson city,VA,0.3097
Arlington County,VA,0.2923
Manassas city,VA,0.2906
King County,WA,0.284
James City County,VA,0.2821
York County,VA,0.2769
Albemarle County,VA,0.2765
Prince William County,VA,0.2752
Fauquier County,VA,0.2745
Stafford County,VA,0.2727
Whitman County,WA,0.2725
Hanover County,VA,0.2677
Goochland County,VA,0.263
Monongalia County,WV,0.2617
Chesterfield County,VA,0.2588
Colonial Heights city,VA,0.2588
Roanoke County,VA,0.2528
Marshall County,WV,0.2493
Kittitas County,WA,0.2489
Snohomish County,WA,0.2479
Alexandria city,VA,0.2448
Ohio County,WV,0.2411
Harrison County,WV,0.24
Clarke County,VA,0.239
Benton County,WA,0.2381
Williamsburg city,VA,0.2353
Pleasants County,WV,0.2353
King George County,VA,0.2325
Whatcom County,WA,0.2319
Calhoun County,WV,0.2312
Henrico County,VA,0.2298
Marion County,WV,0.2298
Spotsylvania County,VA,0.2285
Winchester city,VA,0.2259
San Juan County,WA,0.2205
Putnam County,WV,0.2202
New Kent County,VA,0.2189
Montgomery County,VA,0.2185
Chelan County,WA,0.2174
Kitsap County,WA,0.2164
Frederick County,VA,0.2151
Botetourt County,VA,0.2147
Radford city,VA,0.212
Thurston County,WA,0.212
Brooke County,WV,0.212
Bedford County,VA,0.2111
Douglas County,WA,0.2108
Clark County,WA,0.2091
Skagit County,WA,0.2081
Pierce County,WA,0.208
Island County,WA,0.2075
Spokane County,WA,0.2062
Hancock County,WV,0.2056
Powhatan County,VA,0.2052
Alleghany County,VA,0.2051
Jefferson County,WA,0.2042
Virginia Beach city,VA,0.2039
Adams County,WA,0.2025
Cowlitz County,WA,0.2024
Pacific County,WA,0.1994
Salem city,VA,0.1992
Tyler County,WV,0.1976
Harrisonburg city,VA,0.1975
Warren County,VA,0.1971
Grant County,WA,0.1952
King William County,VA,0.1946
Tazewell County,VA,0.1943
Charlottesville city,VA,0.1943
Culpeper County,VA,0.1939
Kanawha County,WV,0.1937
Gloucester County,VA,0.1928
Stevens County,WA,0.1924
Lewis County,WV,0.1917
Lewis County,WA,0.1915
Upshur County,WV,0.1914
Buchanan County,VA,0.1909
Preston County,WV,0.1906
Skamania County,WA,0.1897
Walla Walla County,WA,0.1892
Raleigh County,WV,0.188
Prince George County,VA,0.1871
Grays Harbor County,WA,0.187
Isle of Wight County,VA,0.1869
Shenandoah County,VA,0.1869
Klickitat County,WA,0.1866
Tucker County,WV,0.1857
Asotin County,WA,0.1854
Boone County,WV,0.1854
Rockingham County,VA,0.1852
Middlesex County,VA,0.1849
Braxton County,WV,0.1848
Pend Oreille County,WA,0.1846
Campbell County,VA,0.1843
Franklin city,VA,0.1834
Chesapeake city,VA,0.1832
Nicholas County,WV,0.1829
Gilmer County,WV,0.1826
Cabell County,WV,0.1825
Franklin County,WA,0.1806
Taylor County,WV,0.1805
Mineral County,WV,0.1804
Clallam County,WA,0.18
Fredericksburg city,VA,0.1799
Okanogan County,WA,0.1799
Jefferson County,WV,0.1796
Doddridge County,WV,0.1789
Logan County,WV,0.1735
Appomattox County,VA,0.1725
Orange County,VA,0.1724
Lynchburg city,VA,0.172
Barbour County,WV,0.1708
Amherst County,VA,0.1699
Rockbridge County,VA,0.1696
Mercer County,WV,0.1696
Berkeley County,WV,0.1686
Jackson County,WV,0.168
Yakima County,WA,0.1678
Louisa County,VA,0.1676
Augusta County,VA,0.1655
Mason County,WA,0.1643
Manassas Park city,VA,0.1633
Madison County,VA,0.162
Randolph County,WV,0.1617
Fayette County,WV,0.1611
Richmond County,VA,0.1601
Floyd County,VA,0.1579
Roane County,WV,0.1578
Wayne County,WV,0.1572
Staunton city,VA,0.157
Patrick County,VA,0.1569
Mingo County,WV,0.1567
Greenbrier County,WV,0.1559
Fluvanna County,VA,0.1557
Grant County,WV,0.1557
Suffolk city,VA,0.1538
Southampton County,VA,0.1531
Russell County,VA,0.1509
Monroe County,WV,0.1508
Pittsylvania County,VA,0.1505
Mason County,WV,0.1486
Greene County,VA,0.148
Accomack County,VA,0.1477
Ritchie County,WV,0.1477
Washington County,VA,0.1472
Bristol city,VA,0.1471
Nelson County,VA,0.1464
Hampshire County,WV,0.1459
Pulaski County,VA,0.1458
Wise County,VA,0.1458
Waynesboro city,VA,0.1452
Caroline County,VA,0.144
Page County,VA,0.1439
Franklin County,VA,0.1436
Dinwiddie County,VA,0.1434
Lincoln County,WV,0.1432
Surry County,VA,0.1431
Westmoreland County,VA,0.1427
Giles County,VA,0.1424
Newport News city,VA,0.1423
Nottoway County,VA,0.1412
Halifax County,VA,0.141
Galax city,VA,0.1409
Morgan County,WV,0.1401
Wythe County,VA,0.14
Pendleton County,WV,0.1392
Lunenburg County,VA,0.1391
Covington city,VA,0.1383
Amelia County,VA,0.1379
Hardy County,WV,0.135
Clay County,WV,0.1349
Hampton city,VA,0.1325
Dickenson County,VA,0.1315
Summers County,WV,0.1302
Charles City County,VA,0.13
Buckingham County,VA,0.129
Henry County,VA,0.1283
Carroll County,VA,0.1277
Grayson County,VA,0.1264
Lee County,VA,0.1263
Pocahontas County,WV,0.1249
Scott County,VA,0.1248
Mecklenburg County,VA,0.1244
Hopewell city,VA,0.1224
Sussex County,VA,0.1218
Prince Edward County,VA,0.1217
Buena Vista city,VA,0.1196
McDowell County,WV,0.1194
Martinsville city,VA,0.1184
Smyth County,VA,0.1169
Brunswick County,VA,0.1168
Greensville County,VA,0.1167
Roanoke city,VA,0.1145
Northampton County,VA,0.1123
,,
Oliver County,ND,0.4566
Harding County,SD,0.4514
Adams County,ND,0.4487
Dunn County,ND,0.4413
Mountrail County,ND,0.4398
McKenzie County,ND,0.4305
Mercer County,ND,0.4278
Bergen County,NJ,0.4209
Bowman County,ND,0.413
Golden Valley County,ND,0.408
Slope County,ND,0.4044
Hunterdon County,NJ,0.4043
Irion County,TX,0.4033
Norfolk County,MA,0.4023
Foster County,ND,0.4023
McLean County,ND,0.4019
Billings County,ND,0.3958
Cavalier County,ND,0.3931
Somerset County,NJ,0.3929
LaMoure County,ND,0.3894
Howard County,MD,0.3854
Campbell County,SD,0.383
Renville County,ND,0.3804
Divide County,ND,0.3793
Skagway Municipality,AK,0.3779
Monmouth County,NJ,0.3776
Upton County,TX,0.3763
Teton County,WY,0.3722
Daniels County,MT,0.3707
Steele County,ND,0.3704
Middlesex County,MA,0.3683
Sublette County,WY,0.368
Marin County,CA,0.3655
Grant County,ND,0.3648
Thayer County,NE,0.3638
Falls Church city,VA,0.3631
Montgomery County,MD,0.3612
Kidder County,ND,0.3603
McHenry County,ND,0.3587
Roger Mills County,OK,0.3577
Pierce County,ND,0.3572
Hettinger County,ND,0.3569
Cuming County,NE,0.3559
Sussex County,NJ,0.3554
Towner County,ND,0.3553
Middlesex County,NJ,0.354
Crook County,WY,0.352
Denali Borough,AK,0.3515
Nemaha County,KS,0.3497
Carver County,MN,0.3471
Goliad County,TX,0.3468
Ozaukee County,WI,0.3466
Perkins County,NE,0.3458
Campbell County,WY,0.3449
Carroll County,IA,0.3446
Borden County,TX,0.3442
Washington County,MN,0.344
Cedar County,NE,0.3432
Boone County,NE,0.3413
Fallon County,MT,0.3404
Nantucket County,MA,0.339
Richland County,MT,0.3379
Stevens County,MN,0.3376
Johnson County,KS,0.3366
Dakota County,MN,0.3365
Hamilton County,IN,0.3346
Waukesha County,WI,0.334
Nemaha County,NE,0.3337
Gove County,KS,0.3328
Lincoln County,MN,0.3325
Plymouth County,MA,0.3323
San Mateo County,CA,0.3312
Stanton County,KS,0.3305
Griggs County,ND,0.3293
Tolland County,CT,0.3291
St. James Parish,LA,0.3286
Miner County,SD,0.3286
Niobrara County,WY,0.3285
Wells County,ND,0.328
Ransom County,ND,0.3276
Faulk County,SD,0.3276
Douglas County,CO,0.3272
Jerauld County,SD,0.3265
Clay County,NE,0.3251
Kossuth County,IA,0.3248
Lake County,IL,0.3244
Sweetwater County,WY,0.3244
Monroe County,IL,0.324
Sully County,SD,0.3233
Los Alamos County,NM,0.3229
Douglas County,SD,0.3228
Hartley County,TX,0.3223
Emmons County,ND,0.3223
Hayes County,NE,0.3218
Carter County,MT,0.3218
McCook County,SD,0.3208
Sioux County,IA,0.3202
Carroll County,MD,0.3188
Humboldt County,IA,0.3184
Essex County,MA,0.3182
Platte County,WY,0.3182
Polk County,NE,0.318
Converse County,WY,0.3179
Scott County,MN,0.3176
Grundy County,IL,0.3173
Santa Clara County,CA,0.3164
Edmunds County,SD,0.3162
Middlesex County,CT,0.3152
Story County,IA,0.3151
Union County,NJ,0.315
Goodhue County,MN,0.3148
Pierce County,WI,0.3146
Dubois County,IN,0.3134
McPherson County,SD,0.313
Greeley County,KS,0.3127
Wibaux County,MT,0.3126
Schleicher County,TX,0.3126
Pocahontas County,IA,0.312
Pitkin County,CO,0.312
Rio Blanco County,CO,0.3116
Albany County,NY,0.3111
Calvert County,MD,0.3109
Clinton County,IL,0.3108
Lyon County,IA,0.3098
Nelson County,ND,0.3098
Hand County,SD,0.3094
Concho County,TX,0.3083
McHenry County,IL,0.3082
Dutchess County,NY,0.3082
Washington County,WI,0.3081
Bremer County,IA,0.3072
Renville County,MN,0.3071
Hooker County,NE,0.3066
Olmsted County,MN,0.3064
Sargent County,ND,0.3064
McCone County,MT,0.3064
Chickasaw County,IA,0.3058
Pope County,MN,0.3047
Dubuque County,IA,0.3042
Lipscomb County,TX,0.3039
St. Croix County,WI,0.3038
Johnson County,WY,0.3031
Hot Springs County,WY,0.303
Plymouth County,IA,0.3022
Kingsbury County,SD,0.3019
Woodford County,IL,0.3014
Worcester County,MA,0.3011
Stearns County,MN,0.3009
Contra Costa County,CA,0.3008
Sheridan County,MT,0.2996
Litchfield County,CT,0.2995
Warren County,NJ,0.2994
Butler County,NE,0.2993
Hennepin County,MN,0.2992
Dallas County,IA,0.2985
Kent County,TX,0.2984
Dickey County,ND,0.2982
Fayette County,GA,0.2978
Hartford County,CT,0.2977
Big Stone County,MN,0.2976
Lander County,NV,0.2976
Washington County,NE,0.2972
Comanche County,KS,0.2969
Glasscock County,TX,0.2967
Anne Arundel County,MD,0.2966
Grundy County,IA,0.2962
Palo Alto County,IA,0.2961
Audubon County,IA,0.2958
Rockingham County,NH,0.2958
Iowa County,IA,0.2956
O'Brien County,IA,0.2952
St. Mary's County,MD,0.2951
Webster County,NE,0.2951
Eddy County,ND,0.2951
Dawson County,MT,0.2946
Burlington County,NJ,0.2944
Loup County,NE,0.2943
Johnson County,IA,0.2941
Mitchell County,IA,0.2941
Mercer County,NJ,0.2941
Delaware County,IA,0.294
Yellow Medicine County,MN,0.2939
Red Lake County,MN,0.2939
Frederick County,MD,0.2937
Harford County,MD,0.2935
Gloucester County,NJ,0.2935
St. Charles Parish,LA,0.2933
Oakland County,MI,0.2932
McLeod County,MN,0.2932
Lexington city,VA,0.2928
Antelope County,NE,0.2924
Cameron Parish,LA,0.2923
Coke County,TX,0.2923
San Francisco County,CA,0.2922
Lyon County,MN,0.2922
Greeley County,NE,0.2919
Chase County,NE,0.2918
Pepin County,WI,0.2917
Traverse County,MN,0.2916
Will County,IL,0.2913
Wabasha County,MN,0.2913
Cherokee County,IA,0.2912
Putnam County,IL,0.2912
Ellis County,KS,0.2909
Routt County,CO,0.2908
Dodge County,MN,0.2903
Grant County,NE,0.2903
San Miguel County,CO,0.2902
Hanson County,SD,0.29
New Haven County,CT,0.2897
Hillsborough County,NH,0.2897
Winneshiek County,IA,0.2896
Johnson County,NE,0.2895
Phelps County,NE,0.2894
Stevens County,KS,0.2887
Douglas County,MN,0.2886
Dane County,WI,0.2883
Trego County,KS,0.2883
Calhoun County,IL,0.288
Wheeler County,TX,0.2879
Rock County,NE,0.2875
Shelby County,IA,0.2872
Cedar County,IA,0.287
Fillmore County,NE,0.287
Pembina County,ND,0.287
Le Sueur County,MN,0.2869
Redwood County,MN,0.2869
Frontier County,NE,0.2863
Kendall County,IL,0.2861
Ocean County,NJ,0.2861
Kittson County,MN,0.2858
Platte County,NE,0.2856
Swift County,MN,0.2854
York County,NE,0.2851
McIntosh County,ND,0.285
Brown County,MN,0.2847
Logan County,ND,0.2845
Seward County,NE,0.2844
Lac qui Parle County,MN,0.2842
Wright County,MN,0.2839
Rock County,MN,0.2837
Oldham County,KY,0.2834
Wilkin County,MN,0.2833
Calhoun County,IA,0.2822
Polk County,MN,0.282
Dundy County,NE,0.2817
Hemphill County,TX,0.2817
Winnebago County,IA,0.2813
Calumet County,WI,0.2813
Marion County,IA,0.2812
Perkins County,SD,0.2811
Prairie County,MT,0.2809
Oldham County,TX,0.2809
Sutton County,TX,0.2808
Placer County,CA,0.2804
Lafourche Parish,LA,0.2804
Clark County,SD,0.2804
Dewey County,OK,0.2804
Eagle County,CO,0.2791
Hardin County,IA,0.2791
Ascension Parish,LA,0.2791
Box Butte County,NE,0.2791
Uinta County,WY,0.2791
Yuma County,CO,0.279
Sac County,IA,0.279
Clark County,KS,0.279
Natrona County,WY,0.2788
Stillwater County,MT,0.2787
Arapahoe County,CO,0.2786
Bristol County,MA,0.2786
Alfalfa County,OK,0.2784
Lincoln County,WY,0.2782
Baltimore County,MD,0.278
Wichita County,KS,0.278
Grant County,OK,0.2779
Fayette County,IA,0.2778
Assumption Parish,LA,0.2778
Marshall County,MN,0.2774
Ramsey County,MN,0.2774
Washington County,IL,0.277
Jefferson County,MT,0.2768
Marshall County,KS,0.2766
El Dorado County,CA,0.2764
Queen Anne's County,MD,0.2761
Cheyenne County,NE,0.276
McLean County,IL,0.2758
Butler County,IA,0.2758
Sherburne County,MN,0.2756
Steele County,MN,0.2754
Kandiyohi County,MN,0.2752
Roberts County,TX,0.2751
Passaic County,NJ,0.275
Norman County,MN,0.2749
Sibley County,MN,0.2749
Hampshire County,MA,0.2748
Sheridan County,ND,0.2746
Hamilton County,NE,0.2743
Alameda County,CA,0.2738
St. Charles County,MO,0.2738
Anoka County,MN,0.2737
Clay County,MN,0.2737
Jefferson County,NE,0.2736
Boone County,IN,0.2735
Nuckolls County,NE,0.2732
Aurora County,SD,0.2732
Wayne County,NE,0.273
Boulder County,CO,0.2729
Waseca County,MN,0.2728
Rice County,MN,0.2726
Knox County,NE,0.2723
Platte County,MO,0.272
Elko County,NV,0.272
Brule County,SD,0.2719
Guthrie County,IA,0.2717
St. Louis County,MO,0.2717
Brown County,NE,0.2716
Hodgeman County,KS,0.2716
Kimball County,NE,0.2713
Broomfield County,CO,0.2712
Winona County,MN,0.2709
Decatur County,KS,0.2706
Garfield County,UT,0.2704
Cobb County,GA,0.2703
Jefferson County,CO,0.2702
Barnstable County,MA,0.2701
Deuel County,NE,0.2701
Polk County,IA,0.27
Nicollet County,MN,0.27
Brown County,WI,0.2699
Warren County,IA,0.2697
Charles County,MD,0.2692
Pennington County,MN,0.2689
Ellis County,OK,0.2689
Thomas County,KS,0.2688
Pipestone County,MN,0.2686
Ida County,IA,0.2684
Morgan County,UT,0.2676
Ellsworth County,KS,0.2675
Murray County,MN,0.2674
Howard County,IA,0.2672
Holt County,NE,0.2672
Benton County,IN,0.2667
Porter County,IN,0.2667
Fillmore County,MN,0.2667
De Baca County,NM,0.2665
Poweshiek County,IA,0.2664
LaSalle Parish,LA,0.2661
Pierce County,NE,0.2661
Gilliam County,OR,0.2659
Hyde County,SD,0.2659
Eureka County,NV,0.2658
Lafayette County,WI,0.2657
Martin County,MN,0.2656
Musselshell County,MT,0.2656
Ness County,KS,0.2655
Salem County,NJ,0.2653
Grant County,WI,0.2653
Clayton County,IA,0.2652
Buena Vista County,IA,0.2651
Barber County,KS,0.2651
Outagamie County,WI,0.2651
Sheridan County,WY,0.2648
Green Lake County,WI,0.2647
Mitchell County,KS,0.2646
Rush County,KS,0.2646
Washtenaw County,MI,0.2644
Jackson County,IA,0.2643
Lee County,IL,0.2641
Buchanan County,IA,0.2639
Meeker County,MN,0.2639
Haskell County,KS,0.2636
Wallace County,KS,0.2636
Chisago County,MN,0.2635
Madison County,NE,0.2633
Crawford County,IA,0.2632
Gage County,NE,0.2628
Jones County,IA,0.2627
Kane County,IL,0.2626
Hancock County,IA,0.2622
Livingston County,MI,0.2622
Daggett County,UT,0.262
Linn County,IA,0.2616
Furnas County,NE,0.2615
Erie County,NY,0.2614
Orange County,CA,0.2611
Dodge County,NE,0.261
Greene County,IA,0.2609
McPherson County,KS,0.2608
Saline County,NE,0.2608
Effingham County,IL,0.2607
Hendricks County,IN,0.2607
Osceola County,IA,0.2606
Pondera County,MT,0.2604
Grant County,MN,0.2602
Carson County,TX,0.2598
DeKalb County,IL,0.2597
Boone County,IA,0.2597
Fremont County,WY,0.2594
Scott County,IA,0.2591
Scott County,KS,0.2588
Beaver County,OK,0.2588
Sonoma County,CA,0.2587
Camden County,NJ,0.2586
Nance County,NE,0.2585
Tippecanoe County,IN,0.2584
Otoe County,NE,0.2584
Allamakee County,IA,0.2583
Armstrong County,TX,0.2583
Weston County,WY,0.258
Somervell County,TX,0.258
Corson County,SD,0.2578
Wright County,IA,0.2577
Kingman County,KS,0.2576
Clinton County,MI,0.2575
Ste. Genevieve County,MO,0.2573
Merrick County,NE,0.257
Posey County,IN,0.2569
Benton County,MN,0.2567
Jackson County,MN,0.2567
Cerro Gordo County,IA,0.2566
Harrison County,IA,0.2566
Valley County,MT,0.2566
La Crosse County,WI,0.2566
Livingston County,IL,0.2564
Pratt County,KS,0.2561
Blue Earth County,MN,0.2559
Sioux County,NE,0.2559
Macomb County,MI,0.2556
Inyo County,CA,0.2554
Warrick County,IN,0.2554
St. Louis County,MN,0.2553
Lincoln County,WA,0.255
Sherman County,TX,0.2549
Fond du Lac County,WI,0.2547
Hamilton County,IA,0.2546
Dukes County,MA,0.2546
Blaine County,NE,0.2546
Buffalo County,NE,0.2545
Wheeler County,OR,0.2544
Henry County,IL,0.2541
Napa County,CA,0.254
Lewis County,ID,0.254
Douglas County,NE,0.2539
Clear Creek County,CO,0.2539
Harding County,NM,0.2539
Floyd County,IA,0.2537
Iowa County,WI,0.2535
Wheatland County,MT,0.2535
Haakon County,SD,0.2534
Midland County,MI,0.2531
Portage County,WI,0.2528
Menard County,IL,0.2527
Forsyth County,GA,0.2526
Jo Daviess County,IL,0.2526
Saunders County,NE,0.2526
Piatt County,IL,0.2525
Oconee County,GA,0.2523
Dickinson County,IA,0.2523
Marshall County,SD,0.2523
LaSalle County,IL,0.252
Henry County,IA,0.2517
Sherman County,NE,0.2515
Manitowoc County,WI,0.2514
Houston County,MN,0.2511
Cape May County,NJ,0.2507
Clinton County,IA,0.2506
Boyd County,NE,0.2506
Jasper County,IA,0.2505
Summit County,CO,0.2505
Hamlin County,SD,0.2504
Custer County,NE,0.2503
Garfield County,WA,0.25
Dawes County,NE,0.2499
Sarpy County,NE,0.2499
Wood County,WI,0.2499
Faribault County,MN,0.2498
Otter Tail County,MN,0.2497
Jackson County,CO,0.2497
Terrebonne Parish,LA,0.2495
New London County,CT,0.2493
Jasper County,IN,0.2493
Columbia County,GA,0.249
Carbon County,WY,0.249
Madison County,IA,0.2488
Mono County,CA,0.2487
Lafayette Parish,LA,0.2482
Marathon County,WI,0.2479
Hancock County,IL,0.2478
Marshall County,IL,0.2476
Howard County,NE,0.2475
Clay County,IA,0.2473
Adams County,NE,0.2473
Wadena County,MN,0.247
Chase County,KS,0.2468
Moffat County,CO,0.2467
Black Hawk County,IA,0.2467
Vermilion Parish,LA,0.2467
Gregory County,SD,0.2466
Itasca County,MN,0.2463
Briscoe County,TX,0.2463
Ogle County,IL,0.2461
Potter County,SD,0.2461
Grant County,KS,0.246
Lake County,MN,0.2459
Nobles County,MN,0.2459
Lancaster County,NE,0.2459
Watonwan County,MN,0.2457
Thomas County,NE,0.2457
Cottonwood County,MN,0.2453
Benton County,IA,0.2452
Fremont County,IA,0.245
Webster County,IA,0.2449
Morrison County,MN,0.2449
Humboldt County,NV,0.2449
Dixon County,NE,0.2448
Madison County,MT,0.2447
Mower County,MN,0.2446
Meade County,KS,0.2446
Keith County,NE,0.2445
Columbia County,WI,0.2443
Worth County,IA,0.2442
Valley County,NE,0.2442
Hancock County,IN,0.244
Campbell County,KY,0.2439
Essex County,NJ,0.2439
Custer County,ID,0.2439
Hampden County,MA,0.2438
Park County,WY,0.2437
St. Tammany Parish,LA,0.2434
Sanborn County,SD,0.2433
Eau Claire County,WI,0.2432
Chariton County,MO,0.243
Larimer County,CO,0.2429
Gwinnett County,GA,0.2428
Becker County,MN,0.2427
New Castle County,DE,0.2424
Mellette County,SD,0.2423
Randolph County,IL,0.2421
Rooks County,KS,0.2421
Cumberland County,ME,0.2421
Kearney County,NE,0.2415
Sabine Parish,LA,0.2414
Kent County,MD,0.2414
Tipton County,IN,0.2413
Pawnee County,KS,0.2412
Latah County,ID,0.241
Yolo County,CA,0.2409
Plaquemines Parish,LA,0.2409
Cimarron County,OK,0.2407
Goshen County,WY,0.2406
Adams County,IA,0.2406
Mills County,TX,0.24
Gunnison County,CO,0.2399
Gibson County,IN,0.2399
Talbot County,MD,0.2398
Dunn County,WI,0.2397
Chouteau County,MT,0.2396
Pottawatomie County,KS,0.2395
Franklin County,IA,0.2393
Ouray County,CO,0.2393
San Luis Obispo County,CA,0.2391
Champaign County,IL,0.2391
Lane County,KS,0.2391
Custer County,MT,0.2389
Granite County,MT,0.2389
Deuel County,SD,0.2388
Green County,WI,0.2385
La Plata County,CO,0.2384
Page County,IA,0.2383
Jefferson County,WI,0.2383
Washakie County,WY,0.2383
Shackelford County,TX,0.2378
Mercer County,IL,0.2377
Ventura County,CA,0.2376
Kit Carson County,CO,0.2376
Nodaway County,MO,0.2376
Tazewell County,IL,0.2375
Cass County,IA,0.2374
Cass County,NE,0.2374
Merrimack County,NH,0.2373
Koochiching County,MN,0.2372
Bureau County,IL,0.2371
Johnson County,IN,0.2371
Strafford County,NH,0.237
Clearwater County,MN,0.2369
Nevada County,CA,0.2368
Buffalo County,WI,0.2367
Lucas County,IA,0.2366
St. Bernard Parish,LA,0.2365
Ottawa County,KS,0.2363
West Baton Rouge Parish,LA,0.2361
Eddy County,NM,0.236
Polk County,WI,0.236
Winnebago County,WI,0.2359
White Pine County,NV,0.2358
Riley County,KS,0.2356
Mills County,IA,0.2352
McDonough County,IL,0.2351
Roseau County,MN,0.2348
Marshall County,IA,0.2347
Franklin County,NE,0.2347
Woodson County,KS,0.2347
Adair County,IA,0.2344
Dodge County,WI,0.2343
Cheyenne County,KS,0.2342
Macoupin County,IL,0.2341
Marquette County,MI,0.2341
Albany County,WY,0.234
Logan County,CO,0.2339
Sheboygan County,WI,0.2339
Carlton County,MN,0.2337
Silver Bow County,MT,0.2336
Evangeline Parish,LA,0.2332
Wabaunsee County,KS,0.233
Kanabec County,MN,0.2328
Gallatin County,MT,0.2328
Sedgwick County,CO,0.2328
Clay County,MO,0.2327
Colfax County,NE,0.2327
Yellowstone County,MT,0.2324
Acadia Parish,LA,0.2322
Washington County,IA,0.232
Lincoln County,NE,0.232
Oneida County,WI,0.232
Elbert County,CO,0.2318
Coffey County,KS,0.2317
Chippewa County,WI,0.2317
Carlisle County,KY,0.2317
Mahaska County,IA,0.2314
Isanti County,MN,0.2314
Montgomery County,IA,0.2312
Montgomery County,IL,0.2311
Morrill County,NE,0.231
Pike County,IN,0.2308
Smith County,KS,0.2305
Boone County,KY,0.2303
Sullivan County,PA,0.2303
Sierra County,CA,0.2302
Iroquois County,IL,0.2301
Shelby County,IL,0.2301
Broome County,NY,0.2301
Phillips County,MT,0.23
Martin County,TX,0.23
Lake of the Woods County,MN,0.2298
Phillips County,KS,0.2297
Mason County,TX,0.2296
Berkshire County,MA,0.2295
Kewaunee County,WI,0.2294
Rappahannock County,VA,0.2294
Chippewa County,MN,0.2293
Garfield County,CO,0.2292
Kenton County,KY,0.2286
Tuolumne County,CA,0.2284
Solano County,CA,0.2283
Bear Lake County,ID,0.2279
Sauk County,WI,0.2279
Spencer County,IN,0.2278
Rawlins County,KS,0.2278
Thurston County,NE,0.2277
Emery County,UT,0.2277
Cecil County,MD,0.2276
Dickinson County,MI,0.2275
Beltrami County,MN,0.2275
Price County,WI,0.2275
Walworth County,WI,0.2275
Gosper County,NE,0.2275
Livingston Parish,LA,0.2274
Ripley County,IN,0.2273
Douglas County,KS,0.2273
Osborne County,KS,0.2273
Cole County,MO,0.2273
Ottawa County,MI,0.2271
Jackson County,KS,0.2268
Lincoln County,WI,0.2266
Columbia County,NY,0.2264
Pike County,IL,0.2263
Woodbury County,IA,0.2263
Calcasieu Parish,LA,0.2262
Racine County,WI,0.2262
Knox County,IN,0.2261
Houghton County,MI,0.2261
Franklin County,IN,0.2259
Presque Isle County,MI,0.2258
Freeborn County,MN,0.2256
Sangamon County,IL,0.2255
Columbia County,WA,0.2255
Modoc County,CA,0.2254
St. John the Baptist Parish,LA,0.2254
Ford County,IL,0.2253
Trempealeau County,WI,0.2253
Logan County,KS,0.2251
Carbon County,MT,0.225
Douglas County,NV,0.2249
Keokuk County,IA,0.2248
Hamilton County,KS,0.2248
Santa Cruz County,CA,0.2246
Monroe County,MI,0.2243
Cloud County,KS,0.2241
Perry County,MO,0.2241
Honolulu County,HI,0.2239
Vilas County,WI,0.2239
Peoria County,IL,0.2238
Todd County,MN,0.2238
Toole County,MT,0.2238
Wheeler County,NE,0.2236
Emmet County,IA,0.2235
Russell County,KS,0.2235
Webster County,KY,0.2235
Burt County,NE,0.2235
Perry County,IN,0.2234
Plumas County,CA,0.2232
Grafton County,NH,0.2231
Blanco County,TX,0.2231
Carroll County,MO,0.223
Morgan County,CO,0.2229
Cook County,IL,0.2229
Huron County,MI,0.2228
Rosebud County,MT,0.2228
Treasure County,MT,0.2228
Gray County,KS,0.2228
Monona County,IA,0.2227
Clay County,KS,0.2227
Gallatin County,IL,0.2224
Taylor County,IA,0.2223
Davis County,IA,0.2222
Kalamazoo County,MI,0.2221
Crawford County,WI,0.2221
Madison County,IL,0.222
St. Johns County,FL,0.2218
Red Willow County,NE,0.2218
Monroe County,IA,0.2217
Aitkin County,MN,0.2215
Washington County,KS,0.2213
Cumberland County,IL,0.221
Clarke County,IA,0.221
Union County,IA,0.221
Crow Wing County,MN,0.221
Garfield County,NE,0.2209
Clark County,IL,0.2206
Sheridan County,NE,0.2206
McMullen County,TX,0.2206
Floyd County,IN,0.2205
Martin County,FL,0.2204
Crawford County,IL,0.2204
York County,ME,0.2204
Christian County,IL,0.2203
Gilpin County,CO,0.2203
Butler County,KS,0.2198
Franklin County,MA,0.2195
Door County,WI,0.2191
Richardson County,NE,0.219
Clark County,WI,0.219
Hitchcock County,NE,0.219
Clearwater County,ID,0.2188
Saline County,IL,0.2188
Phillips County,CO,0.2184
Morris County,KS,0.2183
Barron County,WI,0.2183
Mille Lacs County,MN,0.2177
Lea County,NM,0.2176
Dearborn County,IN,0.2175
Taylor County,WI,0.2175
Edwards County,KS,0.2172
Hall County,NE,0.217
Clinton County,NY,0.217
Windham County,CT,0.2169
Seminole County,FL,0.2169
Sullivan County,IN,0.2169
DeKalb County,MO,0.2168
Lamar County,MS,0.2165
Cherokee County,GA,0.2163
Amador County,CA,0.2161
Greene County,NY,0.216
East Baton Rouge Parish,LA,0.2156
Sheridan County,KS,0.2156
Pershing County,NV,0.2155
Jefferson County,KS,0.2154
Marinette County,WI,0.2153
Jasper County,IL,0.2151
Ingham County,MI,0.2151
Osage County,MO,0.2151
Meagher County,MT,0.2151
Eaton County,MI,0.215
Harper County,OK,0.2149
Gentry County,MO,0.2148
Cheshire County,NH,0.2148
Adams County,IL,0.2147
Wabash County,IL,0.2147
Jefferson Davis Parish,LA,0.2147
Rock Island County,IL,0.2145
Ringgold County,IA,0.2141
Jefferson Parish,LA,0.2141
Stanton County,NE,0.214
Laramie County,WY,0.214
Lincoln County,CO,0.214
Bond County,IL,0.2139
Kankakee County,IL,0.2139
Genesee County,NY,0.2139
Norton County,KS,0.2138
Rusk County,WI,0.2138
Henderson County,IL,0.2138
White County,IN,0.2134
Boone County,IL,0.2133
Cayuga County,NY,0.2131
Vernon County,WI,0.2131
Lewis and Clark County,MT,0.2128
Beaverhead County,MT,0.2127
San Diego County,CA,0.2126
Missoula County,MT,0.2126
Des Moines County,IA,0.2125
Lee County,IA,0.2125
Scotts Bluff County,NE,0.2124
Blaine County,ID,0.2123
Leelanau County,MI,0.2121
Santa Barbara County,CA,0.2119
Ohio County,IN,0.2119
Miami County,KS,0.2119
Gogebic County,MI,0.2118
Mesa County,CO,0.2116
Jersey County,IL,0.2115
Grand Isle County,VT,0.2114
Lassen County,CA,0.2113
Stephenson County,IL,0.2113
Madison County,ID,0.2112
Broadwater County,MT,0.2111
Lake County,IN,0.211
Leavenworth County,KS,0.2109
Wetzel County,WV,0.2109
McCracken County,KY,0.2107
Lincoln County,NV,0.2107
Pine County,MN,0.2105
Chaffee County,CO,0.2104
Carroll County,IL,0.2104
Tama County,IA,0.2104
Marion County,KS,0.2104
Cape Girardeau County,MO,0.2104
Morgan County,IL,0.2103
Boone County,MO,0.2103
Weld County,CO,0.2102
Fulton County,GA,0.2101
Kenosha County,WI,0.21
Kent County,MI,0.2098
Logan County,IL,0.2097
Knox County,IL,0.2095
Madison County,MS,0.2095
Collingsworth County,TX,0.2095
Shawnee County,KS,0.2094
Pointe Coupee Parish,LA,0.2093
Pottawattamie County,IA,0.2092
Iberville Parish,LA,0.2092
Hamilton County,IL,0.2091
White County,IL,0.2091
Atlantic County,NJ,0.2091
Washington County,MD,0.209
Ferry County,WA,0.2089
Adams County,IN,0.2088
Newton County,IN,0.2088
Barton County,KS,0.2088
Delta County,MI,0.2087
Republic County,KS,0.2086
Glades County,FL,0.2085
Douglas County,IL,0.2085
Mahnomen County,MN,0.2085
Chautauqua County,KS,0.2083
Bath County,VA,0.2082
Belknap County,NH,0.2081
Carroll County,NH,0.2081
Grand Traverse County,MI,0.2079
Delaware County,NY,0.2078
Decatur County,IN,0.2077
Benson County,ND,0.2077
Franklin County,MO,0.2074
Vanderburgh County,IN,0.2073
Whiteside County,IL,0.2072
Bay County,MI,0.207
Stark County,IL,0.207
Atchison County,MO,0.2069
Stafford County,KS,0.2068
Emmet County,MI,0.2066
Sacramento County,CA,0.2064
Wapello County,IA,0.2064
Bartholomew County,IN,0.2061
Osage County,KS,0.2059
Deer Lodge County,MT,0.2059
St. Joseph County,IN,0.2057
Jefferson County,IA,0.2057
Atchison County,KS,0.2056
Lincoln County,KS,0.2056
Fisher County,TX,0.2054
Richland County,IL,0.2052
Allen County,IN,0.2051
Calaveras County,CA,0.2048
Louisa County,IA,0.2048
Martin County,IN,0.2047
Archuleta County,CO,0.2045
Bonneville County,ID,0.2045
Muscatine County,IA,0.2045
St. Clair County,MI,0.2043
Hill County,MT,0.2042
Rock County,WI,0.2041
Park County,CO,0.204
Harvey County,KS,0.204
Macon County,IL,0.2035
Otsego County,MI,0.2032
Coos County,NH,0.2032
Washington County,CO,0.2031
Daviess County,KY,0.2031
Lincoln Parish,LA,0.2031
Douglas County,WI,0.2031
Morton County,KS,0.203
Mason County,IL,0.2029
Conejos County,CO,0.2028
Menominee County,MI,0.2028
Greene County,MS,0.2027
Mariposa County,CA,0.2026
Beauregard Parish,LA,0.2026
Fayette County,KY,0.2025
Waupaca County,WI,0.2024
Rich County,UT,0.2024
Warren County,IN,0.2023
Wayne County,IA,0.2022
Delta County,TX,0.2021
Livingston County,MO,0.202
Harlan County,NE,0.202
Saline County,KS,0.2019
Graham County,KS,0.2018
Big Horn County,WY,0.2017
Crawford County,KS,0.2016
Stanley County,SD,0.2015
Baylor County,TX,0.2015
Shawano County,WI,0.2011
Fergus County,MT,0.201
Oconto County,WI,0.201
Lyon County,KS,0.2009
Stonewall County,TX,0.2009
Cass County,MO,0.2008
West Carroll Parish,LA,0.2007
Union County,KY,0.2005
Jackson County,IL,0.2004
DeKalb County,IN,0.2003
Rice County,KS,0.2003
Warren County,MO,0.2003
San Benito County,CA,0.2001
Ada County,ID,0.2001
Harrison County,IN,0.2
Chemung County,NY,0.2
Hudson County,NJ,0.1999
Lake County,CA,0.1998
Cascade County,MT,0.1997
Delta County,CO,0.1996
Wilson County,KS,0.1996
Fulton County,NY,0.1996
Teller County,CO,0.1995
St. Landry Parish,LA,0.1995
Isabella County,MI,0.1995
Throckmorton County,TX,0.1994
Forest County,PA,0.1993
Colusa County,CA,0.1992
Pulaski County,IN,0.1992
Sarasota County,FL,0.1991
Winnebago County,IL,0.1991
Lapeer County,MI,0.199
Edwards County,TX,0.199
De Witt County,IL,0.1988
St. Mary Parish,LA,0.1988
Allegany County,MD,0.1987
Crockett County,TX,0.1987
Alpine County,CA,0.1983
Monroe County,IN,0.1981
Daviess County,IN,0.198
Sumner County,KS,0.1978
Beaver County,UT,0.1976
Butte County,CA,0.1974
West Feliciana Parish,LA,0.1972
Hardin County,IL,0.197
Hubbard County,MN,0.1969
Pawnee County,NE,0.1969
Rankin County,MS,0.1968
Valley County,ID,0.1968
Brown County,KS,0.1966
Pike County,MO,0.1965
Wells County,IN,0.1964
Warren County,IL,0.1963
Alpena County,MI,0.1963
Siskiyou County,CA,0.1961
Mineral County,MT,0.196
Harper County,KS,0.1959
Jackson Parish,LA,0.1958
Fountain County,IN,0.1957
Dickinson County,KS,0.1957
Teton County,MT,0.1957
Ontonagon County,MI,0.1956
Iron County,MI,0.1954
Sutter County,CA,0.1953
Shasta County,CA,0.1952
Andrew County,MO,0.1949
Grant County,AR,0.1948
Sherman County,KS,0.1946
Adair County,MO,0.1946
El Paso County,CO,0.1945
Neosho County,KS,0.1945
LaPorte County,IN,0.1944
Greenwood County,KS,0.1944
Ravalli County,MT,0.1944
Mathews County,VA,0.1944
Washoe County,NV,0.1943
Jewell County,KS,0.1943
Jefferson County,MO,0.1941
Dakota County,NE,0.1941
Hamilton County,NY,0.194
Bryan County,GA,0.1939
Clark County,MO,0.1938
Appanoose County,IA,0.1937
Cass County,IL,0.1936
Glacier County,MT,0.1932
Penobscot County,ME,0.1931
Cleveland County,AR,0.193
Franklin County,KS,0.1928
Alger County,MI,0.1928
Carroll County,KY,0.1925
Moultrie County,IL,0.1924
Banner County,NE,0.1924
Nelson County,KY,0.1923
Worcester County,MD,0.192
Allen Parish,LA,0.1919
Marshall County,IN,0.1918
Dawson County,NE,0.1917
Bossier Parish,LA,0.1915
Bourbon County,KS,0.1914
Collier County,FL,0.1913
Kootenai County,ID,0.1913
St. Clair County,IL,0.1913
Edwards County,IL,0.1911
Chautauqua County,NY,0.1911
Monroe County,WI,0.1911
Caribou County,ID,0.191
Greene County,IL,0.191
Iberia Parish,LA,0.191
Fayette County,IL,0.1908
Jefferson County,IN,0.1908
Shelby County,IN,0.1908
Perry County,IL,0.1907
Rush County,IN,0.1905
Idaho County,ID,0.1904
Coles County,IL,0.1904
Custer County,CO,0.1904
Baca County,CO,0.1903
Lafayette County,MO,0.1901
Washington County,AR,0.19
Clinton County,MO,0.19
Carson City,NV,0.1898
Kern County,CA,0.1897
St. Martin Parish,LA,0.1897
Faulkner County,AR,0.1895
Alachua County,FL,0.1895
Sedgwick County,KS,0.1895
Cortland County,NY,0.1895
Rockdale County,GA,0.1894
Nez Perce County,ID,0.1894
Suffolk County,MA,0.1893
Jackson County,WI,0.1892
Schuyler County,IL,0.1891
Kennebec County,ME,0.1891
Flathead County,MT,0.1891
Oneida County,ID,0.189
San Joaquin County,CA,0.1889
Parke County,IN,0.1889
Franklin County,NY,0.1889
Sherman County,OR,0.1889
Los Angeles County,CA,0.1886
Avoyelles Parish,LA,0.1886
Reno County,KS,0.1884
Jefferson County,KY,0.1883
Richland County,WI,0.1883
Effingham County,GA,0.1882
Montgomery County,IN,0.1882
Johnson County,KY,0.1882
Union County,NM,0.1881
Greenup County,KY,0.1877
Las Animas County,CO,0.1875
Columbia County,AR,0.1873
McPherson County,NE,0.1873
Fulton County,IL,0.1872
Kosciusko County,IN,0.1872
Arenac County,MI,0.1871
Lincoln County,MO,0.1871
Powder River County,MT,0.1871
Putnam County,IN,0.187
Roosevelt County,MT,0.1869
Cattaraugus County,NY,0.1867
Ashland County,WI,0.1863
Burnett County,WI,0.1863
Palm Beach County,FL,0.1862
Essex County,NY,0.1862
Lee County,GA,0.1861
White County,AR,0.186
Hopkins County,KY,0.1859
Marquette County,WI,0.1854
Stanislaus County,CA,0.1853
Anderson County,KS,0.1853
Kauai County,HI,0.1849
Jackson County,MI,0.1849
Jackson County,IN,0.1847
Sanilac County,MI,0.1847
Union County,IL,0.1844
San Juan County,NM,0.1843
Jefferson County,ID,0.1841
Carroll County,IN,0.1841
Hickman County,KY,0.1839
Saginaw County,MI,0.1838
Henderson County,KY,0.1836
Shiawassee County,MI,0.1836
Labette County,KS,0.1835
Allegan County,MI,0.1835
Keya Paha County,NE,0.1834
George County,MS,0.1833
Washburn County,WI,0.1833
Wahkiakum County,WA,0.1833
Ralls County,MO,0.1831
Haines Borough,AK,0.183
Wicomico County,MD,0.1829
Monroe County,FL,0.1828
Edgar County,IL,0.1828
Harmon County,OK,0.1825
Cassia County,ID,0.1824
Lenawee County,MI,0.1824
Cass County,MN,0.1824
Tangipahoa Parish,LA,0.1823
Garden County,NE,0.1823
Ionia County,MI,0.1822
Washington County,KY,0.1821
Brown County,IL,0.1821
Humboldt County,CA,0.182
Doniphan County,KS,0.182
Cooper County,MO,0.1819
Broward County,FL,0.1818
Scott County,IL,0.1818
Lawrence County,MS,0.1818
Wayne County,UT,0.1817
Craighead County,AR,0.1814
Anderson County,TN,0.1814
Norton city,VA,0.1814
Bingham County,ID,0.1813
Powell County,MT,0.1813
Maui County,HI,0.1811
Linn County,KS,0.1811
Ray County,MO,0.181
Johnson County,IL,0.1809
Muhlenberg County,KY,0.1807
Wyoming County,WV,0.1806
Marion County,IL,0.1805
Androscoggin County,ME,0.1805
Henry County,MO,0.1805
Keweenaw County,MI,0.1805
Graves County,KY,0.1804
Milwaukee County,WI,0.1803
Whitley County,IN,0.1802
Park County,MT,0.1802
Mercer County,MO,0.1802
Garrett County,MD,0.1801
Lincoln County,MT,0.1801
Fulton County,IN,0.18
Huntington County,IN,0.18
Essex County,VA,0.18
Ballard County,KY,0.1799
Woodford County,KY,0.1799
Wabash County,IN,0.1798
Finney County,KS,0.1794
Caldwell Parish,LA,0.1794
Catahoula Parish,LA,0.1794
Vigo County,IN,0.1793
Jefferson County,IL,0.1792
Sullivan County,NH,0.1791
Tuscola County,MI,0.1789
Howard County,IN,0.1788
Cook County,MN,0.1787
Hancock County,KY,0.1785
Sterling County,TX,0.1785
Calloway County,KY,0.1784
Tensas Parish,LA,0.1783
Sussex County,DE,0.178
Barry County,MI,0.178
Clay County,IN,0.1779
Williamson County,IL,0.1778
Cowley County,KS,0.1777
Chenango County,NY,0.1777
Conway County,AR,0.1775
Allegany County,NY,0.1774
Bonner County,ID,0.1772
Greene County,IN,0.1769
Bayfield County,WI,0.1769
Clinton County,IN,0.1768
Juneau County,WI,0.1768
McLean County,KY,0.1767
Valdez-Cordova Census Area,AK,0.1767
Morgan County,IN,0.1766
Iron County,WI,0.1766
Wood County,WV,0.1765
Leon County,FL,0.1764
Pope County,AR,0.1763
Hancock County,ME,0.1761
Berrien County,MI,0.1761
Linn County,MO,0.1758
Prowers County,CO,0.1756
Marion County,KY,0.1755
Lincoln County,ME,0.1755
Northumberland County,VA,0.1755
Marshall County,KY,0.1754
Vermillion County,IN,0.1753
Buchanan County,MO,0.1752
Lancaster County,VA,0.1751
Franklin County,ID,0.175
Crittenden County,KY,0.1749
Langlade County,WI,0.1748
Waushara County,WI,0.1745
Lafayette County,MS,0.1743
Marion County,MS,0.174
Bannock County,ID,0.1739
Trimble County,KY,0.1739
Kiowa County,CO,0.1739
Boyle County,KY,0.1738
Monterey County,CA,0.1736
Clark County,IN,0.1736
Ford County,KS,0.1736
Phelps County,MO,0.1736
Cheyenne County,CO,0.1735
Union County,AR,0.1733
Concordia Parish,LA,0.1733
Elkhart County,IN,0.1732
Santa Fe County,NM,0.1731
Forest County,WI,0.1731
Pinellas County,FL,0.1729
Cumberland County,NJ,0.1729
San Bernardino County,CA,0.1728
Kent County,DE,0.1727
Lake County,CO,0.1723
Marion County,MO,0.1723
Lawrence County,IL,0.1722
Mason County,KY,0.1722
Montgomery County,MO,0.1722
Caldwell County,KY,0.1721
Dade County,MO,0.1721
Harris County,GA,0.172
Aroostook County,ME,0.172
Montgomery County,KS,0.1719
Grant Parish,LA,0.1719
Mecosta County,MI,0.1719
Gratiot County,MI,0.1718
Macon County,MO,0.1717
Cherry County,NE,0.1717
Webster Parish,LA,0.1716
Genesee County,MI,0.1716
Steuben County,IN,0.1715
Caldwell County,MO,0.171
Knox County,TX,0.171
Bernalillo County,NM,0.1708
Knox County,ME,0.1706
Montrose County,CO,0.1705
Sebastian County,AR,0.1704
Power County,ID,0.1704
Sanders County,MT,0.1703
Jerome County,ID,0.17
Liberty County,MT,0.17
Wayne County,IL,0.1699
Teton County,ID,0.1698
Claiborne Parish,LA,0.1696
Monroe County,MO,0.1696
Trinity County,CA,0.1694
Franklin County,IL,0.1694
Starke County,IN,0.1693
Pope County,IL,0.1693
Bennett County,SD,0.1692
Coweta County,GA,0.1689
Cass County,IN,0.1689
Seward County,KS,0.1689
Judith Basin County,MT,0.1689
Prince George's County,MD,0.1686
Riverside County,CA,0.1684
Jackson County,SD,0.1684
Massac County,IL,0.1681
DeSoto County,MS,0.1681
Otero County,CO,0.168
Vermilion County,IL,0.168
Boyd County,KY,0.1679
Van Buren County,IA,0.1678
Bates County,MO,0.1678
Scott County,KY,0.1677
Greene County,MO,0.1677
Worth County,MO,0.1677
Southeast Fairbanks Census Area,AK,0.1676
Flagler County,FL,0.1675
Dickens County,TX,0.1675
Clay County,IL,0.1674
Hancock County,MS,0.1673
Brevard County,FL,0.1672
Alcona County,MI,0.1671
Golden Valley County,MT,0.167
Saline County,AR,0.1669
Henry County,GA,0.1668
Warren County,KY,0.1664
Decatur County,IA,0.1663
Piscataquis County,ME,0.1663
Calhoun County,MI,0.1662
Mendocino County,CA,0.1661
Franklin County,ME,0.166
Noble County,IN,0.1659
Larue County,KY,0.1658
Craig County,VA,0.1655
Coffee County,TN,0.1654
Montmorency County,MI,0.1653
Adams County,CO,0.1652
Manistee County,MI,0.1652
Shelby County,KY,0.1651
Alamosa County,CO,0.165
Logan County,NE,0.165
Hawaii County,HI,0.1649
Henry County,IN,0.1649
Webster County,WV,0.1649
King and Queen County,VA,0.1648
Audrain County,MO,0.1642
Churchill County,NV,0.1642
Piute County,UT,0.1641
Lares Municipio,PR,0.164
Somerset County,ME,0.1639
Wexford County,MI,0.1639
Hillsborough County,FL,0.1636
Douglas County,GA,0.1636
Gasconade County,MO,0.1636
Aguadilla Municipio,PR,0.1636
Mason County,MI,0.1635
Fremont County,CO,0.1633
Lee County,FL,0.1633
Bullitt County,KY,0.1633
Pettis County,MO,0.1632
Foard County,TX,0.1625
Del Norte County,CA,0.1623
Tehama County,CA,0.1623
Houston County,GA,0.1622
Nassau County,FL,0.1621
Lyon County,KY,0.162
Independence County,AR,0.1618
Montezuma County,CO,0.1618
Johnson County,MO,0.1617
Delaware County,IN,0.1616
Minidoka County,ID,0.1615
Big Horn County,MT,0.1614
Lonoke County,AR,0.1612
Kiowa County,KS,0.1612
Indian River County,FL,0.161
Twin Falls County,ID,0.1609
Mackinac County,MI,0.1609
Hall County,GA,0.1608
Natchitoches Parish,LA,0.1608
Meade County,KY,0.1607
Scott County,MO,0.1607
Walton County,GA,0.1606
Gem County,ID,0.1606
Curry County,NM,0.1606
Garland County,AR,0.1605
Clarke County,GA,0.1604
Jackson County,MO,0.1604
Drew County,AR,0.1603
Callaway County,MO,0.1602
Lyon County,NV,0.1602
Benewah County,ID,0.1601
Ouachita Parish,LA,0.1601
Knox County,MO,0.1599
Glenn County,CA,0.1598
Gooding County,ID,0.1597
Miami County,IN,0.1597
Pearl River County,MS,0.1597
Dolores County,CO,0.1597
Madison County,IN,0.1594
East Feliciana Parish,LA,0.1594
Holt County,MO,0.1593
Decatur County,TN,0.1593
Allen County,KS,0.159
Sagadahoc County,ME,0.159
Christian County,MO,0.1589
Elk County,KS,0.1589
Cass County,MI,0.1587
Charlevoix County,MI,0.1587
Branch County,MI,0.1586
Clay County,FL,0.1583
Taylor County,KY,0.1582
Pulaski County,AR,0.1578
Spencer County,KY,0.1578
Hall County,TX,0.1578
Marion County,IN,0.1577
Butte County,ID,0.1576
Franklin Parish,LA,0.1574
Kearny County,KS,0.1574
Hoonah-Angoon Census Area,AK,0.1574
Wayne County,MI,0.1573
Lincoln County,MS,0.1571
Logan County,AR,0.1569
Randolph County,IN,0.1564
Newaygo County,MI,0.1563
Chippewa County,MI,0.1562
Camden County,MO,0.1562
Highland County,VA,0.1562
Okaloosa County,FL,0.1561
Carroll County,GA,0.1561
Van Buren County,MI,0.1561
Cleburne County,AR,0.156
Yuba County,CA,0.156
Ziebach County,SD,0.156
Sweet Grass County,MT,0.1558
Charlotte County,FL,0.1556
Antrim County,MI,0.1556
San German Municipio,PR,0.1553
Franklin County,MS,0.155
Union County,IN,0.1549
Wayne County,IN,0.1548
Lincoln County,NM,0.1548
Merced County,CA,0.1547
Union County,GA,0.1546
Adams County,ID,0.1546
Santa Rosa County,FL,0.1544
Newton County,MO,0.1544
Rapides Parish,LA,0.1543
Franklin County,AR,0.154
Madison County,AR,0.154
Cheboygan County,MI,0.1538
St. Joseph County,MI,0.1538
Sandoval County,NM,0.1538
Jay County,IN,0.1537
Vernon Parish,LA,0.1536
Lake County,MT,0.1536
Clark County,NV,0.1536
Florence County,WI,0.1536
White County,GA,0.1535
Winn Parish,LA,0.1535
Davidson County,TN,0.1534
Muskegon County,MI,0.1533
Grand County,CO,0.1532
Osceola County,MI,0.1531
Paulding County,GA,0.153
Fresno County,CA,0.1529
Gallatin County,KY,0.1526
Floyd County,GA,0.1525
Iosco County,MI,0.1524
Miami-Dade County,FL,0.1522
Roscommon County,MI,0.1521
Jones County,MS,0.1521
Martin County,KY,0.1519
Moniteau County,MO,0.1518
Jessamine County,KY,0.1517
Gladwin County,MI,0.1517
Manatee County,FL,0.1516
Bland County,VA,0.1514
Grundy County,MO,0.1512
Dawson County,GA,0.1511
Letcher County,KY,0.1511
Pike County,KY,0.1509
Hardin County,KY,0.1505
Daviess County,MO,0.1505
Blount County,TN,0.1505
Monroe County,GA,0.1504
Dorchester County,MD,0.1504
Jackson County,MS,0.1503
Mercer County,KY,0.1501
Carroll County,TN,0.1501
Shelby County,MO,0.15
Hyde County,NC,0.1499
Caroline County,MD,0.1498
Missaukee County,MI,0.1498
Breckinridge County,KY,0.1495
Barren County,KY,0.1494
Kings County,CA,0.1492
Franklin County,KY,0.1491
Cheatham County,TN,0.1491
Kenedy County,TX,0.1491
Denver County,CO,0.149
Baraga County,MI,0.1489
Union Parish,LA,0.1488
Pasco County,FL,0.1487
Elmore County,ID,0.1486
Clark County,KY,0.1483
Bienville Parish,LA,0.1483
Oktibbeha County,MS,0.1479
Scotland County,MO,0.1479
Hillsdale County,MI,0.1478
Tulare County,CA,0.1477
Cottle County,TX,0.1477
Barton County,MO,0.1476
Oxford County,ME,0.1474
Lawrence County,IN,0.1473
Orange County,IN,0.1473
Caddo Parish,LA,0.1473
Lafayette County,FL,0.1472
Madison County,KY,0.1472
Schoolcraft County,MI,0.1472
Pueblo County,CO,0.1471
Robertson County,KY,0.1471
Boundary County,ID,0.1468
Dickson County,TN,0.1468
Sawyer County,WI,0.1468
Menard County,TX,0.1468
Storey County,NV,0.1467
Ohio County,KY,0.1466
Ogemaw County,MI,0.1466
Habersham County,GA,0.1465
Tishomingo County,MS,0.1465
Lewis County,MO,0.1465
Colfax County,NM,0.1464
Donley County,TX,0.1464
Rio Grande County,CO,0.1463
Chaves County,NM,0.1463
Warren County,MS,0.1462
Washington County,ID,0.146
Citrus County,FL,0.1459
Amite County,MS,0.1458
Webster County,MS,0.1457
Payette County,ID,0.1456
Jones County,SD,0.1455
De Soto Parish,LA,0.1454
Rowan County,KY,0.1448
Montgomery County,KY,0.1447
Todd County,KY,0.1447
Lincoln County,ID,0.1447
Orange County,FL,0.1446
Wayne County,MS,0.1446
Leake County,MS,0.1442
Lawrence County,KY,0.1441
Simpson County,KY,0.1441
Randolph County,AR,0.144
Lauderdale County,MS,0.144
Bulloch County,GA,0.1436
Howard County,MO,0.1436
Waldo County,ME,0.1434
Calhoun County,AR,0.1434
Do±íáüna County,NM,0.1432
Blaine County,MT,0.143
Saguache County,CO,0.143
Walthall County,MS,0.1429
Greene County,AR,0.1428
Barrow County,GA,0.1425
Fremont County,ID,0.1425
Simpson County,MS,0.1425
Lemhi County,ID,0.1423
Chester County,TN,0.1423
Magoffin County,KY,0.1422
Pickens County,GA,0.1421
Randolph County,MO,0.1421
Grant County,IN,0.142
San Juan Municipio,PR,0.1419
Logan County,KY,0.1418
Shoshone County,ID,0.1417
Washington County,ME,0.1416
Adams County,MS,0.1414
Jasper County,MO,0.1413
Toombs County,GA,0.1412
Oscoda County,MI,0.1412
Volusia County,FL,0.1411
Catoosa County,GA,0.1411
Lawrence County,MO,0.141
Rabun County,GA,0.1409
New Madrid County,MO,0.1409
Adams County,WI,0.1407
Madera County,CA,0.1406
Bledsoe County,TN,0.1406
Duval County,FL,0.1405
Oceana County,MI,0.1404
Crawford County,AR,0.1403
Camden County,GA,0.1402
Lee County,MS,0.1402
Henry County,KY,0.14
Maries County,MO,0.14
Montcalm County,MI,0.1399
Attala County,MS,0.1397
Pike County,GA,0.1396
Sitka City and Borough,AK,0.1396
Trigg County,KY,0.1394
Boise County,ID,0.1394
Petersburg Borough,AK,0.1394
Benzie County,MI,0.1393
Floyd County,KY,0.1391
Perry County,AR,0.139
Harrison County,MO,0.139
Fayette County,IN,0.1389
Bourbon County,KY,0.1388
Crowley County,CO,0.1388
Chatham County,GA,0.1385
Mayaguez Municipio,PR,0.1383
Lake County,FL,0.1378
Morgan County,GA,0.1377
Bay County,FL,0.1373
Harrison County,MS,0.1373
Bartow County,GA,0.1372
Sevier County,AR,0.1371
Switzerland County,IN,0.1371
Hernando County,FL,0.137
Harrison County,KY,0.137
Pike County,AR,0.1369
LaGrange County,IN,0.1367
Lee County,KY,0.1365
Nicholas County,KY,0.1365
Dade County,GA,0.1363
St. Francois County,MO,0.1363
Scott County,IN,0.1362
Forrest County,MS,0.1362
Otero County,NM,0.1362
Benton County,MO,0.1361
Lincoln County,GA,0.136
Guaynabo Municipio,PR,0.1359
Catano Municipio,PR,0.1358
Taney County,MO,0.1357
Jeff Davis County,TX,0.1354
Johnson County,AR,0.135
Prairie County,AR,0.1348
Stone County,MS,0.1346
Thomas County,GA,0.1344
Cherokee County,KS,0.1344
Bradley County,TN,0.1343
Dallas County,AR,0.1342
Clarke County,MS,0.1342
Tate County,MS,0.1342
Miller County,MO,0.1342
Washington County,IN,0.1341
Wilcox County,GA,0.1339
Choctaw County,MS,0.1339
Bleckley County,GA,0.1337
Livingston County,KY,0.1337
Wrangell City and Borough,AK,0.1336
Coffee County,GA,0.1335
Schuyler County,MO,0.1335
Charlotte County,VA,0.1334
Richland Parish,LA,0.1333
Van Buren County,AR,0.1332
Wayne County,GA,0.1331
Polk County,MO,0.1331
Rio Arriba County,NM,0.133
Lowndes County,GA,0.1328
Ouachita County,AR,0.1327
Stoddard County,MO,0.1326
Stone County,AR,0.1325
Hot Spring County,AR,0.1324
Owen County,KY,0.1324
Appling County,GA,0.1323
Cross County,AR,0.1322
Garfield County,MT,0.1322
Banks County,GA,0.1319
Taos County,NM,0.1317
Clare County,MI,0.1316
Miller County,AR,0.1315
Crawford County,IN,0.1315
Polk County,FL,0.1314
Glynn County,GA,0.1314
Canyon County,ID,0.1313
Blackford County,IN,0.1313
Troup County,GA,0.1311
Scott County,MS,0.131
Escambia County,FL,0.1309
Benton County,TN,0.1308
Bedford County,TN,0.1307
Montgomery County,MS,0.1305
Pendleton County,KY,0.1302
Christian County,KY,0.1301
Jackson County,GA,0.1299
Covington County,MS,0.1299
Elliott County,KY,0.1298
Whitfield County,GA,0.1296
Jennings County,IN,0.1295
Motley County,TX,0.1292
Lafayette County,AR,0.129
Owen County,IN,0.1289
Red River Parish,LA,0.1287
Evans County,GA,0.1283
Brown County,IN,0.1283
Saline County,MO,0.1283
Vernon County,MO,0.1283
Grant County,KY,0.128
Polk County,AR,0.1276
Gordon County,GA,0.1276
Lowndes County,MS,0.1276
Baker County,FL,0.1275
Valencia County,NM,0.1268
Little River County,AR,0.1267
Sumter County,FL,0.1267
Barry County,MO,0.1267
Bibb County,GA,0.1265
Madison County,GA,0.1262
Nye County,NV,0.1262
St. Clair County,MO,0.1261
District of Columbia,DC,0.1259
Newton County,MS,0.1258
Grant County,NM,0.1258
Pickett County,TN,0.1258
Perry County,KY,0.1256
Bent County,CO,0.1255
Marion County,FL,0.1254
Baldwin County,GA,0.1252
Haralson County,GA,0.1252
Carter County,KY,0.1252
Laurel County,KY,0.1252
Butts County,GA,0.125
Laurens County,GA,0.125
Harlan County,KY,0.125
Sierra County,NM,0.125
DeKalb County,GA,0.1249
Hinds County,MS,0.1245
Stone County,MO,0.1244
Wirt County,WV,0.1244
Perry County,MS,0.1241
Jackson County,AR,0.1238
Morehouse Parish,LA,0.1238
Butler County,MO,0.1237
Grenada County,MS,0.1232
Walton County,FL,0.123
Jones County,GA,0.1229
Berrien County,GA,0.1228
Anderson County,KY,0.1227
Imperial County,CA,0.1226
Neshoba County,MS,0.1226
Searcy County,AR,0.1224
Pierce County,GA,0.1224
Jasper County,MS,0.1221
San Juan County,CO,0.1221
Holmes County,FL,0.122
Montgomery County,GA,0.122
Hardee County,FL,0.1218
Sullivan County,MO,0.1217
Real County,TX,0.1216
Huerfano County,CO,0.1215
Mississippi County,MO,0.1214
Wakulla County,FL,0.1212
Cumberland County,TN,0.1207
Mora County,NM,0.1207
Clark County,ID,0.1204
Pulaski County,KY,0.1203
Ben Hill County,GA,0.1201
Roosevelt County,NM,0.1201
Gates County,NC,0.12
Pike County,MS,0.1198
Yazoo County,MS,0.1198
Catron County,NM,0.1198
Oglethorpe County,GA,0.1197
Alcorn County,MS,0.1196
Bath County,KY,0.1195
Gilmer County,GA,0.1191
Somerset County,MD,0.1189
Geary County,KS,0.1187
Luce County,MI,0.1187
Bollinger County,MO,0.1187
Dunklin County,MO,0.1187
Sharp County,AR,0.1184
St. Lucie County,FL,0.1184
Smith County,MS,0.1184
Cedar County,MO,0.1184
Howell County,MO,0.1184
Newton County,GA,0.1183
Ozark County,MO,0.1181
Owyhee County,ID,0.118
Fleming County,KY,0.118
Franklin County,GA,0.1179
Crawford County,MO,0.1179
Quay County,NM,0.1179
Putnam County,GA,0.1178
Desha County,AR,0.1177
Putnam County,MO,0.1177
Cannon County,TN,0.1177
Pulaski County,MO,0.1176
Reynolds County,MO,0.1175
Emanuel County,GA,0.1174
Stephens County,GA,0.1174
Charlton County,GA,0.1173
Gulf County,FL,0.1172
Tift County,GA,0.1171
Ware County,GA,0.117
Essex County,VT,0.117
Nevada County,AR,0.1169
Osceola County,FL,0.1168
Bolivar County,MS,0.1166
Culberson County,TX,0.1166
Butler County,KY,0.1162
Winston County,MS,0.1161
Cibola County,NM,0.1161
Dodge County,GA,0.116
Mississippi County,AR,0.1159
Monroe County,KY,0.1159
Highlands County,FL,0.1158
Monroe County,MS,0.1157
Brantley County,GA,0.1156
Washington Parish,LA,0.1154
Russell County,KY,0.1153
Wright County,MO,0.1153
Carroll County,MS,0.1149
Grayson County,KY,0.1148
Union County,MS,0.1148
Kalkaska County,MI,0.1147
Calhoun County,MS,0.1147
Bell County,KY,0.1145
Crawford County,MI,0.1145
Taylor County,FL,0.1142
Crawford County,GA,0.1142
Bracken County,KY,0.1141
Kinney County,TX,0.1141
Patillas Municipio,PR,0.1139
Howard County,AR,0.1138
Polk County,GA,0.1138
Towns County,GA,0.1137
Wilkes County,GA,0.1136
Laclede County,MO,0.1136
DeKalb County,TN,0.1135
Lawrence County,AR,0.1134
Dent County,MO,0.1134
McKinley County,NM,0.1134
Montgomery County,AR,0.1133
Wyandotte County,KS,0.1133
Camas County,ID,0.113
Woodruff County,AR,0.1129
Green County,KY,0.1129
Knott County,KY,0.1129
Lake County,MI,0.1129
Bronx County,NY,0.1129
Sumter County,GA,0.1126
Crittenden County,AR,0.1124
Lyman County,SD,0.1123
Esmeralda County,NV,0.1123
Costilla County,CO,0.1122
Lincoln County,AR,0.112
Crockett County,TN,0.112
Jefferson County,AR,0.1117
Newton County,AR,0.1117
Crisp County,GA,0.1117
Danville city,VA,0.1117
Hickory County,MO,0.1115
Jefferson Davis County,MS,0.1114
Lumpkin County,GA,0.1113
Greene County,GA,0.1111
Pulaski County,GA,0.111
Dillingham Census Area,AK,0.111
Schley County,GA,0.111
Chattahoochee County,GA,0.1108
McDuffie County,GA,0.1108
Muscogee County,GA,0.1108
Yalobusha County,MS,0.1108
Hudspeth County,TX,0.1108
Monroe County,AR,0.1107
Fulton County,AR,0.1106
Socorro County,NM,0.1106
Issaquena County,MS,0.1106
Hart County,GA,0.1105
Upson County,GA,0.1105
Clinton County,KY,0.1105
Hempstead County,AR,0.1102
Norfolk city,VA,0.1101
Garrard County,KY,0.11
Liberty County,FL,0.1098
Whitley County,KY,0.1098
Suwannee County,FL,0.1097
Tyrrell County,NC,0.1096
Morgan County,MO,0.1093
Early County,GA,0.1092
Washington County,MO,0.1092
Walker County,GA,0.109
Madison County,MO,0.1089
Orleans Parish,LA,0.1087
Marion County,AR,0.1084
Baker County,GA,0.1084
Jackson County,FL,0.1083
Carter County,TN,0.1083
Gilchrist County,FL,0.1081
Washington County,FL,0.1081
Tippah County,MS,0.1081
Fulton County,KY,0.108
Screven County,GA,0.1075
St. Helena Parish,LA,0.1073
Oregon County,MO,0.1071
Bradford County,FL,0.107
Gurabo Municipio,PR,0.1068
Trujillo Alto Municipio,PR,0.1067
Bacon County,GA,0.1063
Dallas County,MO,0.1063
Prince of Wales-Hyder Census Area,AK,0.1061
Washington County,GA,0.1059
Elbert County,GA,0.1057
Estill County,KY,0.1057
Clinch County,GA,0.1056
Spalding County,GA,0.1055
Texas County,MO,0.1051
Hamilton County,FL,0.1049
Burke County,GA,0.1049
Pulaski County,IL,0.1049
Powell County,KY,0.1047
Sharkey County,MS,0.1047
San Miguel County,NM,0.1046
Itawamba County,MS,0.1043
Glascock County,GA,0.1043
DeSoto County,FL,0.104
Cidra Municipio,PR,0.1039
Jeff Davis County,GA,0.1038
Yell County,AR,0.1037
Izard County,AR,0.1036
Candler County,GA,0.1034
Webster County,MO,0.1034
Lincoln County,KY,0.1031
Irwin County,GA,0.103
Webster County,GA,0.103
Jefferson County,FL,0.1028
Columbia County,FL,0.1027
McDonald County,MO,0.1027
Treutlen County,GA,0.1026
Arecibo Municipio,PR,0.1026
Decatur County,GA,0.1025
Pontotoc County,MS,0.1025
Miller County,GA,0.1023
Leslie County,KY,0.1023
Emporia city,VA,0.1023
Colquitt County,GA,0.1021
Wayne County,KY,0.1021
Terrell County,TX,0.102
Copiah County,MS,0.1018
Luna County,NM,0.1016
Telfair County,GA,0.1014
Richmond city,VA,0.1014
Peach County,GA,0.1012
Wilkinson County,MS,0.101
Torrance County,NM,0.101
Edmonson County,KY,0.1009
Hart County,KY,0.1007
Echols County,GA,0.1007
Penuelas Municipio,PR,0.1006
Putnam County,FL,0.1004
Corozal Municipio,PR,0.1003
Okeechobee County,FL,0.1002
Scott County,AR,0.1001
Knox County,KY,0.1
Lewis County,KY,0.1
Rockcastle County,KY,0.1
Iron County,MO,0.1
Portsmouth city,VA,0.1
Panola County,MS,0.0999
Morgan County,KY,0.0995
Richmond County,GA,0.0994
Tattnall County,GA,0.0993
Grady County,GA,0.0992
Taylor County,GA,0.0984
Kemper County,MS,0.0984
Worth County,GA,0.0981
Claiborne County,TN,0.0975
Dooly County,GA,0.0974
Hendry County,FL,0.0973
Prentiss County,MS,0.0971
Cumberland County,KY,0.097
Fannin County,GA,0.0969
Liberty County,GA,0.0969
Toa Alta Municipio,PR,0.0969
Allen County,KY,0.0968
Hinsdale County,CO,0.0965
Hidalgo County,NM,0.0964
Clayton County,GA,0.0963
Cumberland County,VA,0.0961
Guadalupe County,NM,0.096
Wayne County,MO,0.0958
Jefferson County,GA,0.0957
Aleutians West Census Area,AK,0.0957
Jasper County,GA,0.0954
Lamar County,GA,0.0954
Chattooga County,GA,0.0952
Levy County,FL,0.095
Anasco Municipio,PR,0.095
Adair County,KY,0.0948
Ripley County,MO,0.0947
Dorado Municipio,PR,0.0946
Wilkinson County,GA,0.0945
Coahoma County,MS,0.0943
Campbell County,TN,0.0937
Lee County,AR,0.0936
Caguas Municipio,PR,0.0934
St. Louis city,MO,0.0933
Rincon Municipio,PR,0.0932
Poinsett County,AR,0.0931
Turner County,GA,0.0927
Marion County,GA,0.0926
Breathitt County,KY,0.0926
Calhoun County,FL,0.0923
St. Francis County,AR,0.0921
Morovis Municipio,PR,0.0921
Guayama Municipio,PR,0.0919
Adjuntas Municipio,PR,0.0916
Clay County,TN,0.0914
Clay County,KY,0.0911
Dewey County,SD,0.0907
Union County,FL,0.0906
Leflore County,MS,0.0899
North Slope Borough,AK,0.0898
Alexander County,IL,0.0896
Douglas County,MO,0.0894
Lake and Peninsula Borough,AK,0.0894
Cayey Municipio,PR,0.0889
Johnson County,GA,0.0881
Noxubee County,MS,0.0879
Rio Grande Municipio,PR,0.0876
Casey County,KY,0.0872
Clay County,MS,0.0871
Chickasaw County,MS,0.0867
Brooks County,GA,0.0864
Heard County,GA,0.086
Baltimore city,MD,0.0859
Seminole County,GA,0.0855
Terrell County,GA,0.0854
Jenkins County,GA,0.0851
Pemiscot County,MO,0.0845
Murray County,GA,0.0844
Dougherty County,GA,0.0843
Macon County,GA,0.0842
Washington County,MS,0.0838
Mitchell County,GA,0.0833
Meriwether County,GA,0.0832
Twiggs County,GA,0.0832
Buffalo County,SD,0.0827
Shannon County,MO,0.0822
Carter County,MO,0.082
Cook County,GA,0.0818
Madison Parish,LA,0.0803
Madison County,FL,0.0801
Owsley County,KY,0.0787
Holmes County,MS,0.0777
Jackson County,KY,0.0776
Nome Census Area,AK,0.0771
Warren County,GA,0.0767
Atkinson County,GA,0.0765
Marshall County,MS,0.0764
Yukon-Koyukuk Census Area,AK,0.076
Stewart County,GA,0.076
Menifee County,KY,0.0758
Lanier County,GA,0.0754
Cocke County,TN,0.0754
Mineral County,NV,0.0745
Metcalfe County,KY,0.0744
Ceiba Municipio,PR,0.0742
Cabo Rojo Municipio,PR,0.0736
Talbot County,GA,0.073
Mineral County,CO,0.0725
Fajardo Municipio,PR,0.0719
Graham County,NC,0.0715
East Carroll Parish,LA,0.0709
Bayamon Municipio,PR,0.0708
Franklin County,FL,0.0707
Wolfe County,KY,0.0702
Sunflower County,MS,0.0698
Aleutians East Borough,AK,0.0695
Long County,GA,0.0687
Wheeler County,GA,0.0687
Clay County,GA,0.068
Phillips County,AR,0.0672
Sioux County,ND,0.0663
Benton County,MS,0.0655
Hoke County,NC,0.0654
Dixie County,FL,0.0651
Guanica Municipio,PR,0.0642
Humphreys County,MS,0.062
McIntosh County,GA,0.0609
Aguada Municipio,PR,0.0601
Carolina Municipio,PR,0.06
Gadsden County,FL,0.0598
Jefferson County,MS,0.0597
Quitman County,MS,0.0594
Hancock County,GA,0.0588
Jayuya Municipio,PR,0.0579
Yauco Municipio,PR,0.0572
McCreary County,KY,0.0567
Petersburg city,VA,0.0563
Aibonito Municipio,PR,0.0562
Camuy Municipio,PR,0.0554
Claiborne County,MS,0.0551
Calhoun County,GA,0.0521
Todd County,SD,0.0519
Lajas Municipio,PR,0.0508
Randolph County,GA,0.0507
Tallahatchie County,MS,0.0502
Ponce Municipio,PR,0.0492
Ciales Municipio,PR,0.0485
Isabela Municipio,PR,0.0477
San Sebastian Municipio,PR,0.0461
Vega Alta Municipio,PR,0.0446
Santa Isabel Municipio,PR,0.0445
Tunica County,MS,0.0421
Taliaferro County,GA,0.0419
Toa Baja Municipio,PR,0.0414
Barranquitas Municipio,PR,0.0405
Utuado Municipio,PR,0.0393
Humacao Municipio,PR,0.0377
Moca Municipio,PR,0.0369
Bristol Bay Borough,AK,0.0351
Orocovis Municipio,PR,0.035
San Lorenzo Municipio,PR,0.033
Vega Baja Municipio,PR,0.0321
Yakutat City and Borough,AK,0.0316
Menominee County,WI,0.0311
Luquillo Municipio,PR,0.0292
Villalba Municipio,PR,0.0271
Coamo Municipio,PR,0.027
Manati Municipio,PR,0.0264
Sabana Grande Municipio,PR,0.0249
Kusilvak Census Area,AK,0.0223
Hatillo Municipio,PR,0.0217
Oglala Lakota County,SD,0.0215
Quitman County,GA,0.0207
Juana Diaz Municipio,PR,0.0197
Aguas Buenas Municipio,PR,0.0171
Yabucoa Municipio,PR,0.0159
Comerio Municipio,PR,0.0153
Las Piedras Municipio,PR,0.0132
Juncos Municipio,PR,0.0106
Naranjito Municipio,PR,0.0065
Maunabo Municipio,PR,0.006
Naguabo Municipio,PR,0.002
Salinas Municipio,PR,0.0015
Loiza Municipio,PR,0
Arroyo Municipio,PR,0
Canovanas Municipio,PR,0
Quebradillas Municipio,PR,0
Guayanilla Municipio,PR,0
King County,TX,
Florida Municipio,PR,
Vieques Municipio,PR,
Las Marias Municipio,PR,
Barceloneta Municipio,PR,
Kalawao County,HI,
Petroleum County,MT,
Loving County,TX,
Arthur County,NE,
Hormigueros Municipio,PR,
Culebra Municipio,PR,
Maricao Municipio,PR,
